id,slug,name,category,material,visualKind,imageCount,isPlaceholder,semanticScore,finalScore,status,mediaStatus,reason
real-001,real-001-grinder-3-partes-premium,"Grinder 3 Partes Premium","Utilidades Reais",PLA Premium,foto-real,4,false,0.82,1,APPROVED,verified,"Real photo/render with matching semantics"
real-002,real-002-porta-creme-dental-de-bancada,"Porta Creme Dental de Bancada","Utilidades Reais",PLA Premium,foto-real,4,true,0.85,0,BLOCKED,placeholder,"All 4 images are placeholder text cards (uniform_size_text_card)"
real-003,real-003-demogorgon-decorativo-premium,"Demogorgon Decorativo Premium","Geek & Colecionáveis",PLA Premium,foto-real,4,false,0.82,1,APPROVED,verified,"Real photo/render with matching semantics"
real-004,real-004-hello-kitty-jedi-colecionavel,"Hello Kitty Jedi Colecionável","Geek & Colecionáveis",PLA Premium,foto-real,4,false,0.85,1,APPROVED,verified,"Real photo/render with matching semantics"
real-005,real-005-stencil-rick-and-morty-decorativo,"Stencil Rick and Morty Decorativo","Casa & Decoração",PLA Premium,foto-real,4,false,0.85,1,APPROVED,verified,"Real photo/render with matching semantics"
real-006,real-006-familia-customizada-em-miniatura,"Família Customizada em Miniatura","Presentes Criativos",PLA Premium,foto-real,4,false,0.83,1,APPROVED,verified,"Real photo/render with matching semantics"
real-007,real-007-boneca-infantil-personalizada,"Boneca Infantil Personalizada","Presentes Criativos",PLA Premium,foto-real,4,false,0.82,1,APPROVED,verified,"Real photo/render with matching semantics"
real-008,real-008-case-de-isqueiro-caveira,"Case de Isqueiro Caveira","Utilidades Reais",PLA Premium,foto-real,4,false,0.83,1,APPROVED,verified,"Real photo/render with matching semantics"
real-009,real-009-homer-pikachu-mashup-colecionavel,"Homer Pikachu Mashup Colecionável","Geek & Colecionáveis",PLA Premium,foto-real,4,false,0.85,1,APPROVED,verified,"Real photo/render with matching semantics"
real-010,real-010-medalha-maconica-personalizada,"Medalha Maçônica Personalizada","Presentes Criativos",PLA Premium,foto-real,4,false,0.82,1,APPROVED,verified,"Real photo/render with matching semantics"
mdh-001,mdh-001-hello-kitty-chibi-premium,"Hello Kitty Chibi Premium","Geek & Colecionáveis",PLA Silk,imagem-conceitual,4,true,0.83,0,BLOCKED,placeholder,"All 4 images are placeholder text cards (uniform_size_text_card)"
mdh-002,mdh-002-mascote-kawaii-desk-buddy,"Mascote Kawaii Desk Buddy","Geek & Colecionáveis",PLA Premium,imagem-conceitual,4,true,0.85,0,BLOCKED,placeholder,"All 4 images are placeholder text cards (uniform_size_text_card)"
mdh-003,mdh-003-monstro-eletrico-pocket-mini,"Monstro Elétrico Pocket Mini","Geek & Colecionáveis",PLA Premium,imagem-conceitual,4,true,0.85,0,BLOCKED,placeholder,"All 4 images are placeholder text cards (uniform_size_text_card)"
mdh-004,mdh-004-espia-mirim-chibi,"Espiã Mirim Chibi","Geek & Colecionáveis",PLA Silk,imagem-conceitual,4,true,0.83,0,BLOCKED,placeholder,"All 4 images are placeholder text cards (uniform_size_text_card)"
mdh-005,mdh-005-mascote-serra-articulado,"Mascote Serra Articulado","Geek & Colecionáveis",PLA Premium,imagem-conceitual,4,true,0.83,0,BLOCKED,placeholder,"All 4 images are placeholder text cards (uniform_size_text_card)"
mdh-006,mdh-006-tripulante-crewmate-neon,"Tripulante Crewmate Neon","Geek & Colecionáveis",PLA Premium,imagem-conceitual,4,true,0.83,0,BLOCKED,placeholder,"All 4 images are placeholder text cards (uniform_size_text_card)"
mdh-007,mdh-007-esfera-monstro-de-bolso,"Esfera Monstro de Bolso","Geek & Colecionáveis",PLA Premium,imagem-conceitual,4,true,0.83,0,BLOCKED,placeholder,"All 4 images are placeholder text cards (uniform_size_text_card)"
mdh-008,mdh-008-pokemon-pikachu-mini,"Pokémon Pikachu Mini","Geek & Colecionáveis",PLA Premium,imagem-conceitual,4,true,0.83,0,BLOCKED,placeholder,"All 4 images are placeholder text cards (uniform_size_text_card)"
mdh-009,mdh-009-spy-x-family-anya-chibi,"Spy x Family Anya Chibi","Geek & Colecionáveis",PLA Silk,imagem-conceitual,4,true,0.85,0,BLOCKED,placeholder,"All 4 images are placeholder text cards (uniform_size_text_card)"
mdh-010,mdh-010-chainsaw-man-pochita,"Chainsaw Man Pochita","Geek & Colecionáveis",PLA Premium,imagem-conceitual,4,true,0.83,0,BLOCKED,placeholder,"All 4 images are placeholder text cards (uniform_size_text_card)"
mdh-011,mdh-011-minecraft-steve-figurine,"Minecraft Steve Figurine","Geek & Colecionáveis",PLA Premium,imagem-conceitual,4,true,0.83,0,BLOCKED,placeholder,"All 4 images are placeholder text cards (uniform_size_text_card)"
mdh-012,mdh-012-creeper-minecraft,"Creeper Minecraft","Geek & Colecionáveis",PLA Premium,imagem-conceitual,4,true,0.82,0,BLOCKED,placeholder,"All 4 images are placeholder text cards (uniform_size_text_card)"
mdh-013,mdh-013-suporte-para-fone-headphone,"Suporte para Fone Headphone","Setup & Organização",PLA Premium,imagem-conceitual,4,true,0.91,0,BLOCKED,placeholder,"All 4 images are placeholder text cards (uniform_size_text_card)"
mdh-014,mdh-014-organizador-de-cabos,"Organizador de Cabos","Setup & Organização",PLA Premium,imagem-conceitual,4,true,0.9,0,BLOCKED,placeholder,"All 4 images are placeholder text cards (uniform_size_text_card)"
mdh-015,mdh-015-suporte-para-celular,"Suporte para Celular","Setup & Organização",PLA Premium,imagem-conceitual,4,true,0.9,0,BLOCKED,placeholder,"All 4 images are placeholder text cards (uniform_size_text_card)"
mdh-016,mdh-016-chaveiro-personalizado,"Chaveiro Personalizado","Setup & Organização",PLA Premium,foto-real,4,true,0.89,0,BLOCKED,placeholder,"All 4 images are placeholder text cards (uniform_size_text_card)"
mdh-017,mdh-017-suporte-para-controle-ps5,"Suporte para Controle PS5","Setup & Organização",PLA Premium,imagem-conceitual,4,true,0.91,0,BLOCKED,placeholder,"All 4 images are placeholder text cards (uniform_size_text_card)"
mdh-018,mdh-018-suporte-para-controle-xbox,"Suporte para Controle Xbox","Setup & Organização",PLA Premium,imagem-conceitual,4,true,0.91,0,BLOCKED,placeholder,"All 4 images are placeholder text cards (uniform_size_text_card)"
mdh-019,mdh-019-porta-copos-geek,"Porta-Copos Geek","Setup & Organização",PLA Premium,imagem-conceitual,4,true,0.91,0,BLOCKED,placeholder,"All 4 images are placeholder text cards (uniform_size_text_card)"
mdh-020,mdh-020-ima-de-geladeira,"Imã de Geladeira","Setup & Organização",PLA Premium,imagem-conceitual,4,true,0.9,0,BLOCKED,placeholder,"All 4 images are placeholder text cards (uniform_size_text_card)"
mdh-021,mdh-021-suporte-para-mouse,"Suporte para Mouse","Setup & Organização",PLA Premium,imagem-conceitual,4,true,0.9,0,BLOCKED,placeholder,"All 4 images are placeholder text cards (uniform_size_text_card)"
mdh-022,mdh-022-organizador-de-canetas,"Organizador de Canetas","Setup & Organização",PLA Premium,imagem-conceitual,4,true,0.9,0,BLOCKED,placeholder,"All 4 images are placeholder text cards (uniform_size_text_card)"
mdh-023,mdh-023-suporte-para-teclado,"Suporte para Teclado","Setup & Organização",PLA Premium,imagem-conceitual,4,true,0.9,0,BLOCKED,placeholder,"All 4 images are placeholder text cards (uniform_size_text_card)"
mdh-024,mdh-024-gancho-para-parede,"Gancho para Parede","Setup & Organização",PLA Premium,imagem-conceitual,4,true,0.9,0,BLOCKED,placeholder,"All 4 images are placeholder text cards (uniform_size_text_card)"
mdh-025,mdh-025-vaso-geometrico,"Vaso Geométrico","Casa & Decoração",PLA Premium,imagem-conceitual,4,true,0.82,0,BLOCKED,placeholder,"All 4 images are placeholder text cards (uniform_size_text_card)"
mdh-026,mdh-026-pokebola,"Pokébola","Casa & Decoração",PLA Premium,imagem-conceitual,4,true,0.8,0,BLOCKED,placeholder,"All 4 images are placeholder text cards (uniform_size_text_card)"
mdh-027,mdh-027-busto-colecionavel-anime,"Busto Colecionável Anime","Casa & Decoração",PLA Premium,imagem-conceitual,4,true,0.83,0,BLOCKED,placeholder,"All 4 images are placeholder text cards (uniform_size_text_card)"
mdh-028,mdh-028-luminaria-led-personalizada,"Luminária LED Personalizada","Casa & Decoração",PLA Premium,imagem-conceitual,4,true,0.82,0,BLOCKED,placeholder,"All 4 images are placeholder text cards (uniform_size_text_card)"
mdh-029,mdh-029-foto-litofania,"Foto Litofania","Casa & Decoração",PLA Premium,imagem-conceitual,4,true,0.82,0,BLOCKED,placeholder,"All 4 images are placeholder text cards (uniform_size_text_card)"
mdh-030,mdh-030-quadro-decorativo,"Quadro Decorativo","Casa & Decoração",PLA Premium,imagem-conceitual,4,true,0.82,0,BLOCKED,placeholder,"All 4 images are placeholder text cards (uniform_size_text_card)"
mdh-031,mdh-031-escultura-abstrata,"Escultura Abstrata","Casa & Decoração",PLA Premium,imagem-conceitual,4,true,0.82,0,BLOCKED,placeholder,"All 4 images are placeholder text cards (uniform_size_text_card)"
mdh-032,mdh-032-porta-velhas,"Porta-Velhas","Casa & Decoração",PLA Premium,imagem-conceitual,4,true,0.82,0,BLOCKED,placeholder,"All 4 images are placeholder text cards (uniform_size_text_card)"
mdh-033,mdh-033-relogio-de-parede,"Relógio de Parede","Casa & Decoração",PLA Premium,imagem-conceitual,4,true,0.82,0,BLOCKED,placeholder,"All 4 images are placeholder text cards (uniform_size_text_card)"
mdh-034,mdh-034-jarro-decorativo,"Jarro Decorativo","Casa & Decoração",PLA Premium,imagem-conceitual,4,true,0.82,0,BLOCKED,placeholder,"All 4 images are placeholder text cards (uniform_size_text_card)"
mdh-035,mdh-035-prateleira-suspensa,"Prateleira Suspensa","Casa & Decoração",PLA Premium,imagem-conceitual,4,true,0.82,0,BLOCKED,placeholder,"All 4 images are placeholder text cards (uniform_size_text_card)"
mdh-036,mdh-036-espelho-decorativo,"Espelho Decorativo","Casa & Decoração",PLA Premium,imagem-conceitual,4,true,0.82,0,BLOCKED,placeholder,"All 4 images are placeholder text cards (uniform_size_text_card)"
mdh-037,mdh-037-chaveiro-nome-dupla-face,"Chaveiro Nome Dupla Face","Presentes Criativos",PLA Premium,imagem-conceitual,4,true,0.82,0,BLOCKED,placeholder,"All 4 images are placeholder text cards (uniform_size_text_card)"
mdh-038,mdh-038-nome-3d-personalizado,"Nome 3D Personalizado","Presentes Criativos",PLA Premium,imagem-conceitual,4,true,0.8,0,BLOCKED,placeholder,"All 4 images are placeholder text cards (uniform_size_text_card)"
mdh-039,mdh-039-caixa-de-musica,"Caixa de Música","Presentes Criativos",PLA Premium,imagem-conceitual,4,true,0.82,0,BLOCKED,placeholder,"All 4 images are placeholder text cards (uniform_size_text_card)"
mdh-040,mdh-040-porta-retrato-personalizado,"Porta-Retrato Personalizado","Presentes Criativos",PLA Premium,imagem-conceitual,4,true,0.82,0,BLOCKED,placeholder,"All 4 images are placeholder text cards (uniform_size_text_card)"
mdh-041,mdh-041-aniversario-3d,"Aniversário 3D","Presentes Criativos",PLA Premium,imagem-conceitual,4,true,0.8,0,BLOCKED,placeholder,"All 4 images are placeholder text cards (uniform_size_text_card)"
mdh-042,mdh-042-mensagem-em-3d,"Mensagem em 3D","Presentes Criativos",PLA Premium,imagem-conceitual,4,true,0.8,0,BLOCKED,placeholder,"All 4 images are placeholder text cards (uniform_size_text_card)"
mdh-043,mdh-043-mini-trofeu-personalizado,"Mini Troféu Personalizado","Presentes Criativos",PLA Premium,imagem-conceitual,4,true,0.82,0,BLOCKED,placeholder,"All 4 images are placeholder text cards (uniform_size_text_card)"
mdh-044,mdh-044-marcador-de-pagina-3d,"Marcador de Página 3D","Presentes Criativos",PLA Premium,imagem-conceitual,4,true,0.82,0,BLOCKED,placeholder,"All 4 images are placeholder text cards (uniform_size_text_card)"
mdh-045,mdh-045-abracadeira-personalizada,"Abraçadeira Personalizada","Presentes Criativos",PLA Premium,imagem-conceitual,4,true,0.8,0,BLOCKED,placeholder,"All 4 images are placeholder text cards (uniform_size_text_card)"
mdh-046,mdh-046-pingente-personalizado,"Pingente Personalizado","Presentes Criativos",PLA Premium,imagem-conceitual,4,true,0.8,0,BLOCKED,placeholder,"All 4 images are placeholder text cards (uniform_size_text_card)"
mdh-047,mdh-047-calendario-3d,"Calendário 3D","Presentes Criativos",PLA Premium,imagem-conceitual,4,true,0.8,0,BLOCKED,placeholder,"All 4 images are placeholder text cards (uniform_size_text_card)"
mdh-048,mdh-048-copo-personalizado,"Copo Personalizado","Presentes Criativos",PLA Premium,imagem-conceitual,4,true,0.8,0,BLOCKED,placeholder,"All 4 images are placeholder text cards (uniform_size_text_card)"
mdh-049,mdh-049-suporte-para-monitor,"Suporte para Monitor","Utilidades Reais",PLA Premium,render-fiel,1,false,0.36,0.36,BLOCKED,needs_review,"Could not determine with confidence >= 0.99"
mdh-050,mdh-050-organizador-de-cabo-usb,"Organizador de Cabo USB","Utilidades Reais",PLA Premium,foto-real,4,false,0.83,1,APPROVED,verified,"Real photo/render with matching semantics"
mdh-051,mdh-051-gancho-para-chaves,"Gancho para Chaves","Utilidades Reais",PLA Premium,foto-real,4,false,0.8,1,APPROVED,verified,"Real photo/render with matching semantics"
mdh-052,mdh-052-suporte-para-livros,"Suporte para Livros","Utilidades Reais",PLA Premium,foto-real,4,false,0.82,1,APPROVED,verified,"Real photo/render with matching semantics"
mdh-053,mdh-053-caixa-organizadora,"Caixa Organizadora","Utilidades Reais",PLA Premium,foto-real,4,false,0.82,1,APPROVED,verified,"Real photo/render with matching semantics"
mdh-054,mdh-054-suporte-para-plantas,"Suporte para Plantas","Utilidades Reais",PLA Premium,foto-real,4,false,0.82,1,APPROVED,verified,"Real photo/render with matching semantics"
mdh-055,mdh-055-prateleira-flutuante,"Prateleira Flutuante","Utilidades Reais",PLA Premium,foto-real,4,false,0.82,1,APPROVED,verified,"Real photo/render with matching semantics"
mdh-056,mdh-056-suporte-para-bicicleta,"Suporte para Bicicleta","Utilidades Reais",PLA Premium,foto-real,4,false,0.82,1,APPROVED,verified,"Real photo/render with matching semantics"
mdh-057,mdh-057-organizador-de-maquiagem,"Organizador de Maquiagem","Utilidades Reais",PLA Premium,imagem-conceitual,4,true,0.82,0,BLOCKED,placeholder,"All 4 images are placeholder text cards (uniform_size_text_card)"
mdh-058,mdh-058-suporte-para-tablet,"Suporte para Tablet","Utilidades Reais",PLA Premium,foto-real,4,true,0.82,0,BLOCKED,placeholder,"All 4 images are placeholder text cards (uniform_size_text_card)"
mdh-059,mdh-059-caixa-para-joias,"Caixa para Joias","Utilidades Reais",PLA Premium,foto-real,4,false,0.82,1,APPROVED,verified,"Real photo/render with matching semantics"
mdh-060,mdh-060-suporte-para-garrafa,"Suporte para Garrafa","Utilidades Reais",PLA Premium,imagem-conceitual,4,true,0.82,0,BLOCKED,placeholder,"All 4 images are placeholder text cards (uniform_size_text_card)"
mdh-061,mdh-061-naruto-uzumaki-chibi,"Naruto Uzumaki Chibi","Geek & Colecionáveis",PLA Premium,imagem-conceitual,4,true,0.83,0,BLOCKED,placeholder,"All 4 images are placeholder text cards (uniform_size_text_card)"
mdh-062,mdh-062-sasuke-uchiha-chibi,"Sasuke Uchiha Chibi","Geek & Colecionáveis",PLA Premium,imagem-conceitual,3,false,0.42,0.5,FIX_TEXT,probable,"Has real images but classified as imagem-conceitual — reclassify visualKind"
mdh-063,mdh-063-goku-dragon-ball-chibi,"Goku Dragon Ball Chibi","Geek & Colecionáveis",PLA Premium,imagem-conceitual,3,false,0.46,0.5,FIX_TEXT,probable,"Has real images but classified as imagem-conceitual — reclassify visualKind"
mdh-064,mdh-064-luffy-one-piece-chibi,"Luffy One Piece Chibi","Geek & Colecionáveis",PLA Premium,foto-real,4,false,0.85,1,APPROVED,verified,"Real photo/render with matching semantics"
mdh-065,mdh-065-elsa-frozen-chibi,"Elsa Frozen Chibi","Geek & Colecionáveis",PLA Premium,foto-real,4,false,0.83,1,APPROVED,verified,"Real photo/render with matching semantics"
mdh-066,mdh-066-totoro-my-neighbor-chibi,"Totoro My Neighbor Chibi","Geek & Colecionáveis",PLA Premium,foto-real,4,false,0.83,1,APPROVED,verified,"Real photo/render with matching semantics"
mdh-067,mdh-067-pikachu-pokemon-chibi,"Pikachu Pokémon Chibi","Geek & Colecionáveis",PLA Premium,foto-real,4,false,0.83,1,APPROVED,verified,"Real photo/render with matching semantics"
mdh-068,mdh-068-kirby-nintendo-chibi,"Kirby Nintendo Chibi","Geek & Colecionáveis",PLA Premium,foto-real,4,false,0.83,1,APPROVED,verified,"Real photo/render with matching semantics"
mdh-069,mdh-069-mario-nintendo-chibi,"Mario Nintendo Chibi","Geek & Colecionáveis",PLA Premium,foto-real,4,false,0.83,1,APPROVED,verified,"Real photo/render with matching semantics"
mdh-070,mdh-070-sonic-hedgehog-chibi,"Sonic Hedgehog Chibi","Geek & Colecionáveis",PLA Premium,foto-real,4,false,0.83,1,APPROVED,verified,"Real photo/render with matching semantics"
mdh-071,mdh-071-polvo-oceano-articulado,"Polvo Oceano Articulado","Geek & Colecionáveis",PLA Premium,foto-real,4,false,0.83,1,APPROVED,verified,"Real photo/render with matching semantics"
mdh-072,mdh-072-tubarao-oceano-mini,"Tubarão Oceano Mini","Geek & Colecionáveis",PLA Premium,foto-real,4,true,0.83,0,BLOCKED,placeholder,"All 4 images are placeholder text cards (uniform_size_text_card)"
mdh-073,mdh-073-dragao-oriental-articulado,"Dragão Oriental Articulado","Geek & Colecionáveis",PLA Premium,foto-real,4,false,0.83,1,APPROVED,verified,"Real photo/render with matching semantics"
mdh-074,mdh-074-dragao-europeu-mini,"Dragão Europeu Mini","Geek & Colecionáveis",PLA Premium,foto-real,4,true,0.83,0,BLOCKED,placeholder,"All 4 images are placeholder text cards (uniform_size_text_card)"
mdh-075,mdh-075-coruja-floresta-articulada,"Coruja Floresta Articulada","Geek & Colecionáveis",PLA Premium,foto-real,4,false,0.83,1,APPROVED,verified,"Real photo/render with matching semantics"
mdh-076,mdh-076-foguete-espacial-mini,"Foguete Espacial Mini","Geek & Colecionáveis",PLA Premium,imagem-conceitual,4,true,0.83,0,BLOCKED,placeholder,"All 4 images are placeholder text cards (uniform_size_text_card)"
mdh-077,mdh-077-cavaleiro-medieval-mini,"Cavaleiro Medieval Mini","Geek & Colecionáveis",PLA Premium,foto-real,4,false,0.83,1,APPROVED,verified,"Real photo/render with matching semantics"
mdh-078,mdh-078-robo-transformador-box,"Robô Transformador BOX","Geek & Colecionáveis",PLA Premium,foto-real,4,false,0.83,1,APPROVED,verified,"Real photo/render with matching semantics"
csv-cha-001,csv-cha-001-chaveiro-acrilico-premium-jett-valorant-dupla-face-para-mochila-chaves-e-setup-gamer,"Chaveiro Acrílico Premium Jett Valorant Dupla Face para Mochila, Chaves e Setup Gamer","Presentes Criativos",PLA Premium,imagem-conceitual,4,true,0.83,0,BLOCKED,placeholder,"All 4 images are placeholder text cards (uniform_size_text_card)"
csv-cha-002,csv-cha-002-chaveiro-emborrachado-reyna-valorant-estilo-gamer-resistente-para-chaves-e-mochila,"Chaveiro Emborrachado Reyna Valorant Estilo Gamer Resistente para Chaves e Mochila","Presentes Criativos",PLA Premium,imagem-conceitual,4,true,0.85,0,BLOCKED,placeholder,"All 4 images are placeholder text cards (uniform_size_text_card)"
csv-cha-003,csv-cha-003-chaveiro-metalizado-sage-valorant-edicao-nerd-para-colecao-e-presente-criativo,"Chaveiro Metalizado Sage Valorant Edição Nerd para Coleção e Presente Criativo","Presentes Criativos",PLA Premium,imagem-conceitual,4,true,1,0,BLOCKED,placeholder,"All 4 images are placeholder text cards (uniform_size_text_card)"
csv-cha-004,csv-cha-004-chaveiro-3d-omen-valorant-mini-pingente-decorativo-para-mochila-e-setup,"Chaveiro 3D Omen Valorant Mini Pingente Decorativo para Mochila e Setup","Presentes Criativos",PLA Premium,imagem-conceitual,4,true,0.87,0,BLOCKED,placeholder,"All 4 images are placeholder text cards (uniform_size_text_card)"
csv-cha-005,csv-cha-005-chaveiro-acrilico-premium-ahri-league-of-legends-dupla-face-para-mochila-chaves-e-setup-gamer,"Chaveiro Acrílico Premium Ahri League of Legends Dupla Face para Mochila, Chaves e Setup Gamer","Presentes Criativos",PLA Premium,imagem-conceitual,4,true,0.85,0,BLOCKED,placeholder,"All 4 images are placeholder text cards (uniform_size_text_card)"
csv-cha-006,csv-cha-006-chaveiro-emborrachado-yasuo-league-of-legends-estilo-gamer-resistente-para-chaves-e-mochila,"Chaveiro Emborrachado Yasuo League of Legends Estilo Gamer Resistente para Chaves e Mochila","Presentes Criativos",PLA Premium,imagem-conceitual,4,false,0.86,0.85,FIX_TEXT,probable,"Has real images but classified as imagem-conceitual — reclassify visualKind"
csv-cha-007,csv-cha-007-chaveiro-metalizado-jinx-league-of-legends-edicao-nerd-para-colecao-e-presente-criativo,"Chaveiro Metalizado Jinx League of Legends Edição Nerd para Coleção e Presente Criativo","Presentes Criativos",PLA Premium,imagem-conceitual,4,true,1,0,BLOCKED,placeholder,"All 4 images are placeholder text cards (uniform_size_text_card)"
csv-cha-008,csv-cha-008-chaveiro-3d-lux-league-of-legends-mini-pingente-decorativo-para-mochila-e-setup,"Chaveiro 3D Lux League of Legends Mini Pingente Decorativo para Mochila e Setup","Presentes Criativos",PLA Premium,imagem-conceitual,4,true,0.88,0,BLOCKED,placeholder,"All 4 images are placeholder text cards (uniform_size_text_card)"
csv-cha-009,csv-cha-009-chaveiro-acrilico-premium-ghost-call-of-duty-dupla-face-para-mochila-chaves-e-setup-gamer,"Chaveiro Acrílico Premium Ghost Call of Duty Dupla Face para Mochila, Chaves e Setup Gamer","Presentes Criativos",PLA Premium,imagem-conceitual,4,true,0.85,0,BLOCKED,placeholder,"All 4 images are placeholder text cards (uniform_size_text_card)"
csv-cha-010,csv-cha-010-chaveiro-emborrachado-soap-call-of-duty-estilo-gamer-resistente-para-chaves-e-mochila,"Chaveiro Emborrachado Soap Call of Duty Estilo Gamer Resistente para Chaves e Mochila","Presentes Criativos",PLA Premium,imagem-conceitual,4,true,0.86,0,BLOCKED,placeholder,"All 4 images are placeholder text cards (uniform_size_text_card)"
csv-cha-011,csv-cha-011-chaveiro-metalizado-task-force-call-of-duty-edicao-nerd-para-colecao-e-presente-criativo,"Chaveiro Metalizado Task Force Call of Duty Edição Nerd para Coleção e Presente Criativo","Presentes Criativos",PLA Premium,imagem-conceitual,4,true,1,0,BLOCKED,placeholder,"All 4 images are placeholder text cards (uniform_size_text_card)"
csv-cha-012,csv-cha-012-chaveiro-3d-warzone-call-of-duty-mini-pingente-decorativo-para-mochila-e-setup,"Chaveiro 3D Warzone Call of Duty Mini Pingente Decorativo para Mochila e Setup","Presentes Criativos",PLA Premium,imagem-conceitual,4,true,0.88,0,BLOCKED,placeholder,"All 4 images are placeholder text cards (uniform_size_text_card)"
csv-cha-013,csv-cha-013-chaveiro-acrilico-premium-creeper-minecraft-dupla-face-para-mochila-chaves-e-setup-gamer,"Chaveiro Acrílico Premium Creeper Minecraft Dupla Face para Mochila, Chaves e Setup Gamer","Presentes Criativos",PLA Premium,imagem-conceitual,4,true,0.83,0,BLOCKED,placeholder,"All 4 images are placeholder text cards (uniform_size_text_card)"
csv-cha-014,csv-cha-014-chaveiro-emborrachado-steve-minecraft-estilo-gamer-resistente-para-chaves-e-mochila,"Chaveiro Emborrachado Steve Minecraft Estilo Gamer Resistente para Chaves e Mochila","Presentes Criativos",PLA Premium,imagem-conceitual,4,true,0.85,0,BLOCKED,placeholder,"All 4 images are placeholder text cards (uniform_size_text_card)"
csv-cha-015,csv-cha-015-chaveiro-metalizado-alex-minecraft-edicao-nerd-para-colecao-e-presente-criativo,"Chaveiro Metalizado Alex Minecraft Edição Nerd para Coleção e Presente Criativo","Presentes Criativos",PLA Premium,imagem-conceitual,4,true,1,0,BLOCKED,placeholder,"All 4 images are placeholder text cards (uniform_size_text_card)"
csv-cha-016,csv-cha-016-chaveiro-3d-enderman-minecraft-mini-pingente-decorativo-para-mochila-e-setup,"Chaveiro 3D Enderman Minecraft Mini Pingente Decorativo para Mochila e Setup","Presentes Criativos",PLA Premium,imagem-conceitual,4,true,0.87,0,BLOCKED,placeholder,"All 4 images are placeholder text cards (uniform_size_text_card)"
csv-cha-017,csv-cha-017-chaveiro-acrilico-premium-lhama-fortnite-dupla-face-para-mochila-chaves-e-setup-gamer,"Chaveiro Acrílico Premium Lhama Fortnite Dupla Face para Mochila, Chaves e Setup Gamer","Presentes Criativos",PLA Premium,imagem-conceitual,4,true,0.83,0,BLOCKED,placeholder,"All 4 images are placeholder text cards (uniform_size_text_card)"
csv-cha-018,csv-cha-018-chaveiro-emborrachado-battle-royale-fortnite-estilo-gamer-resistente-para-chaves-e-mochila,"Chaveiro Emborrachado Battle Royale Fortnite Estilo Gamer Resistente para Chaves e Mochila","Presentes Criativos",PLA Premium,imagem-conceitual,4,true,0.86,0,BLOCKED,placeholder,"All 4 images are placeholder text cards (uniform_size_text_card)"
csv-cha-019,csv-cha-019-chaveiro-metalizado-victory-crown-fortnite-edicao-nerd-para-colecao-e-presente-criativo,"Chaveiro Metalizado Victory Crown Fortnite Edição Nerd para Coleção e Presente Criativo","Presentes Criativos",PLA Premium,imagem-conceitual,4,true,1,0,BLOCKED,placeholder,"All 4 images are placeholder text cards (uniform_size_text_card)"
csv-cha-020,csv-cha-020-chaveiro-3d-peely-fortnite-mini-pingente-decorativo-para-mochila-e-setup,"Chaveiro 3D Peely Fortnite Mini Pingente Decorativo para Mochila e Setup","Presentes Criativos",PLA Premium,imagem-conceitual,4,true,0.87,0,BLOCKED,placeholder,"All 4 images are placeholder text cards (uniform_size_text_card)"
csv-cha-021,csv-cha-021-chaveiro-acrilico-premium-awp-cs2-dupla-face-para-mochila-chaves-e-setup-gamer,"Chaveiro Acrílico Premium AWP CS2 Dupla Face para Mochila, Chaves e Setup Gamer","Presentes Criativos",PLA Premium,imagem-conceitual,4,true,0.83,0,BLOCKED,placeholder,"All 4 images are placeholder text cards (uniform_size_text_card)"
csv-cha-022,csv-cha-022-chaveiro-emborrachado-ak-47-cs2-estilo-gamer-resistente-para-chaves-e-mochila,"Chaveiro Emborrachado AK-47 CS2 Estilo Gamer Resistente para Chaves e Mochila","Presentes Criativos",PLA Premium,imagem-conceitual,4,true,0.83,0,BLOCKED,placeholder,"All 4 images are placeholder text cards (uniform_size_text_card)"
csv-cha-023,csv-cha-023-chaveiro-metalizado-knife-cs2-edicao-nerd-para-colecao-e-presente-criativo,"Chaveiro Metalizado Knife CS2 Edição Nerd para Coleção e Presente Criativo","Presentes Criativos",PLA Premium,imagem-conceitual,4,true,1,0,BLOCKED,placeholder,"All 4 images are placeholder text cards (uniform_size_text_card)"
csv-cha-024,csv-cha-024-chaveiro-3d-defuse-cs2-mini-pingente-decorativo-para-mochila-e-setup,"Chaveiro 3D Defuse CS2 Mini Pingente Decorativo para Mochila e Setup","Presentes Criativos",PLA Premium,imagem-conceitual,4,true,0.87,0,BLOCKED,placeholder,"All 4 images are placeholder text cards (uniform_size_text_card)"
csv-cha-025,csv-cha-025-chaveiro-acrilico-premium-los-santos-gta-v-dupla-face-para-mochila-chaves-e-setup-gamer,"Chaveiro Acrílico Premium Los Santos GTA V Dupla Face para Mochila, Chaves e Setup Gamer","Presentes Criativos",PLA Premium,imagem-conceitual,4,false,0.85,0.85,FIX_TEXT,probable,"Has real images but classified as imagem-conceitual — reclassify visualKind"
csv-cha-026,csv-cha-026-chaveiro-emborrachado-franklin-gta-v-estilo-gamer-resistente-para-chaves-e-mochila,"Chaveiro Emborrachado Franklin GTA V Estilo Gamer Resistente para Chaves e Mochila","Presentes Criativos",PLA Premium,imagem-conceitual,4,true,0.85,0,BLOCKED,placeholder,"All 4 images are placeholder text cards (uniform_size_text_card)"
csv-cha-027,csv-cha-027-chaveiro-metalizado-trevor-gta-v-edicao-nerd-para-colecao-e-presente-criativo,"Chaveiro Metalizado Trevor GTA V Edição Nerd para Coleção e Presente Criativo","Presentes Criativos",PLA Premium,imagem-conceitual,4,true,1,0,BLOCKED,placeholder,"All 4 images are placeholder text cards (uniform_size_text_card)"
csv-cha-028,csv-cha-028-chaveiro-3d-michael-gta-v-mini-pingente-decorativo-para-mochila-e-setup,"Chaveiro 3D Michael GTA V Mini Pingente Decorativo para Mochila e Setup","Presentes Criativos",PLA Premium,imagem-conceitual,4,true,0.87,0,BLOCKED,placeholder,"All 4 images are placeholder text cards (uniform_size_text_card)"
csv-cha-029,csv-cha-029-chaveiro-acrilico-premium-spider-man-marvel-dupla-face-para-mochila-chaves-e-setup-gamer,"Chaveiro Acrílico Premium Spider-Man Marvel Dupla Face para Mochila, Chaves e Setup Gamer","Presentes Criativos",PLA Premium,imagem-conceitual,4,true,0.85,0,BLOCKED,placeholder,"All 4 images are placeholder text cards (uniform_size_text_card)"
csv-cha-030,csv-cha-030-chaveiro-emborrachado-iron-man-marvel-estilo-gamer-resistente-para-chaves-e-mochila,"Chaveiro Emborrachado Iron Man Marvel Estilo Gamer Resistente para Chaves e Mochila","Presentes Criativos",PLA Premium,imagem-conceitual,4,false,0.86,0.85,FIX_TEXT,probable,"Has real images but classified as imagem-conceitual — reclassify visualKind"
csv-cha-031,csv-cha-031-chaveiro-metalizado-deadpool-marvel-edicao-nerd-para-colecao-e-presente-criativo,"Chaveiro Metalizado Deadpool Marvel Edição Nerd para Coleção e Presente Criativo","Presentes Criativos",PLA Premium,imagem-conceitual,4,true,1,0,BLOCKED,placeholder,"All 4 images are placeholder text cards (uniform_size_text_card)"
csv-cha-032,csv-cha-032-chaveiro-3d-groot-marvel-mini-pingente-decorativo-para-mochila-e-setup,"Chaveiro 3D Groot Marvel Mini Pingente Decorativo para Mochila e Setup","Presentes Criativos",PLA Premium,imagem-conceitual,4,true,0.87,0,BLOCKED,placeholder,"All 4 images are placeholder text cards (uniform_size_text_card)"
csv-cha-033,csv-cha-033-chaveiro-acrilico-premium-darth-vader-star-wars-dupla-face-para-mochila-chaves-e-setup-gamer,"Chaveiro Acrílico Premium Darth Vader Star Wars Dupla Face para Mochila, Chaves e Setup Gamer","Presentes Criativos",PLA Premium,imagem-conceitual,4,true,0.86,0,BLOCKED,placeholder,"All 4 images are placeholder text cards (uniform_size_text_card)"
csv-cha-034,csv-cha-034-chaveiro-emborrachado-stormtrooper-star-wars-estilo-gamer-resistente-para-chaves-e-mochila,"Chaveiro Emborrachado Stormtrooper Star Wars Estilo Gamer Resistente para Chaves e Mochila","Presentes Criativos",PLA Premium,imagem-conceitual,4,true,0.86,0,BLOCKED,placeholder,"All 4 images are placeholder text cards (uniform_size_text_card)"
csv-cha-035,csv-cha-035-chaveiro-metalizado-mandalorian-star-wars-edicao-nerd-para-colecao-e-presente-criativo,"Chaveiro Metalizado Mandalorian Star Wars Edição Nerd para Coleção e Presente Criativo","Presentes Criativos",PLA Premium,imagem-conceitual,4,true,1,0,BLOCKED,placeholder,"All 4 images are placeholder text cards (uniform_size_text_card)"
csv-cha-036,csv-cha-036-chaveiro-3d-grogu-star-wars-mini-pingente-decorativo-para-mochila-e-setup,"Chaveiro 3D Grogu Star Wars Mini Pingente Decorativo para Mochila e Setup","Presentes Criativos",PLA Premium,imagem-conceitual,4,true,0.88,0,BLOCKED,placeholder,"All 4 images are placeholder text cards (uniform_size_text_card)"
csv-cha-037,csv-cha-037-chaveiro-acrilico-premium-pikachu-pokemon-dupla-face-para-mochila-chaves-e-setup-gamer,"Chaveiro Acrílico Premium Pikachu Pokémon Dupla Face para Mochila, Chaves e Setup Gamer","Presentes Criativos",PLA Premium,imagem-conceitual,4,true,0.83,0,BLOCKED,placeholder,"All 4 images are placeholder text cards (uniform_size_text_card)"
csv-cha-038,csv-cha-038-chaveiro-emborrachado-charmander-pokemon-estilo-gamer-resistente-para-chaves-e-mochila,"Chaveiro Emborrachado Charmander Pokémon Estilo Gamer Resistente para Chaves e Mochila","Presentes Criativos",PLA Premium,imagem-conceitual,4,true,0.85,0,BLOCKED,placeholder,"All 4 images are placeholder text cards (uniform_size_text_card)"
csv-cha-039,csv-cha-039-chaveiro-metalizado-gengar-pokemon-edicao-nerd-para-colecao-e-presente-criativo,"Chaveiro Metalizado Gengar Pokémon Edição Nerd para Coleção e Presente Criativo","Presentes Criativos",PLA Premium,imagem-conceitual,4,true,1,0,BLOCKED,placeholder,"All 4 images are placeholder text cards (uniform_size_text_card)"
csv-cha-040,csv-cha-040-chaveiro-3d-eevee-pokemon-mini-pingente-decorativo-para-mochila-e-setup,"Chaveiro 3D Eevee Pokémon Mini Pingente Decorativo para Mochila e Setup","Presentes Criativos",PLA Premium,imagem-conceitual,4,true,0.87,0,BLOCKED,placeholder,"All 4 images are placeholder text cards (uniform_size_text_card)"
csv-dec-001,csv-dec-001-luminaria-decorativa-jett-valorant-led-para-quarto-gamer-mesa-e-setup-nerd,"Luminária Decorativa Jett Valorant LED para Quarto Gamer, Mesa e Setup Nerd","Casa & Decoração",PLA Silk,imagem-conceitual,4,true,0.94,0,BLOCKED,placeholder,"All 4 images are placeholder text cards (uniform_size_text_card)"
csv-dec-002,csv-dec-002-quadro-decorativo-reyna-valorant-premium-para-parede-de-quarto-gamer-e-home-office,"Quadro Decorativo Reyna Valorant Premium para Parede de Quarto Gamer e Home Office","Casa & Decoração",PLA Silk,imagem-conceitual,4,true,0.94,0,BLOCKED,placeholder,"All 4 images are placeholder text cards (uniform_size_text_card)"
csv-dec-003,csv-dec-003-almofada-decorativa-sage-valorant-para-sofa-cama-e-espaco-geek,"Almofada Decorativa Sage Valorant para Sofá, Cama e Espaço Geek","Casa & Decoração",PLA Silk,imagem-conceitual,4,true,0.94,0,BLOCKED,placeholder,"All 4 images are placeholder text cards (uniform_size_text_card)"
csv-dec-004,csv-dec-004-placa-decorativa-omen-valorant-estilo-geek-para-porta-parede-e-setup,"Placa Decorativa Omen Valorant Estilo Geek para Porta, Parede e Setup","Casa & Decoração",PLA Silk,imagem-conceitual,4,true,0.94,0,BLOCKED,placeholder,"All 4 images are placeholder text cards (uniform_size_text_card)"
csv-dec-005,csv-dec-005-luminaria-decorativa-ahri-league-of-legends-led-para-quarto-gamer-mesa-e-setup-nerd,"Luminária Decorativa Ahri League of Legends LED para Quarto Gamer, Mesa e Setup Nerd","Casa & Decoração",PLA Silk,imagem-conceitual,4,true,0.94,0,BLOCKED,placeholder,"All 4 images are placeholder text cards (uniform_size_text_card)"
csv-dec-006,csv-dec-006-quadro-decorativo-yasuo-league-of-legends-premium-para-parede-de-quarto-gamer-e-home-office,"Quadro Decorativo Yasuo League of Legends Premium para Parede de Quarto Gamer e Home Office","Casa & Decoração",PLA Silk,imagem-conceitual,4,true,0.94,0,BLOCKED,placeholder,"All 4 images are placeholder text cards (uniform_size_text_card)"
csv-dec-007,csv-dec-007-almofada-decorativa-jinx-league-of-legends-para-sofa-cama-e-espaco-geek,"Almofada Decorativa Jinx League of Legends para Sofá, Cama e Espaço Geek","Casa & Decoração",PLA Silk,imagem-conceitual,4,true,0.94,0,BLOCKED,placeholder,"All 4 images are placeholder text cards (uniform_size_text_card)"
csv-dec-008,csv-dec-008-placa-decorativa-lux-league-of-legends-estilo-geek-para-porta-parede-e-setup,"Placa Decorativa Lux League of Legends Estilo Geek para Porta, Parede e Setup","Casa & Decoração",PLA Silk,imagem-conceitual,4,true,0.94,0,BLOCKED,placeholder,"All 4 images are placeholder text cards (uniform_size_text_card)"
csv-dec-009,csv-dec-009-luminaria-decorativa-ghost-call-of-duty-led-para-quarto-gamer-mesa-e-setup-nerd,"Luminária Decorativa Ghost Call of Duty LED para Quarto Gamer, Mesa e Setup Nerd","Casa & Decoração",PLA Silk,imagem-conceitual,4,true,0.94,0,BLOCKED,placeholder,"All 4 images are placeholder text cards (uniform_size_text_card)"
csv-dec-010,csv-dec-010-quadro-decorativo-soap-call-of-duty-premium-para-parede-de-quarto-gamer-e-home-office,"Quadro Decorativo Soap Call of Duty Premium para Parede de Quarto Gamer e Home Office","Casa & Decoração",PLA Silk,imagem-conceitual,4,true,0.94,0,BLOCKED,placeholder,"All 4 images are placeholder text cards (uniform_size_text_card)"
csv-dec-011,csv-dec-011-almofada-decorativa-task-force-call-of-duty-para-sofa-cama-e-espaco-geek,"Almofada Decorativa Task Force Call of Duty para Sofá, Cama e Espaço Geek","Casa & Decoração",PLA Silk,imagem-conceitual,4,true,0.95,0,BLOCKED,placeholder,"All 4 images are placeholder text cards (uniform_size_text_card)"
csv-dec-012,csv-dec-012-placa-decorativa-warzone-call-of-duty-estilo-geek-para-porta-parede-e-setup,"Placa Decorativa Warzone Call of Duty Estilo Geek para Porta, Parede e Setup","Casa & Decoração",PLA Silk,imagem-conceitual,4,true,0.94,0,BLOCKED,placeholder,"All 4 images are placeholder text cards (uniform_size_text_card)"
csv-dec-013,csv-dec-013-luminaria-decorativa-creeper-minecraft-led-para-quarto-gamer-mesa-e-setup-nerd,"Luminária Decorativa Creeper Minecraft LED para Quarto Gamer, Mesa e Setup Nerd","Casa & Decoração",PLA Silk,imagem-conceitual,4,true,0.94,0,BLOCKED,placeholder,"All 4 images are placeholder text cards (uniform_size_text_card)"
csv-dec-014,csv-dec-014-quadro-decorativo-steve-minecraft-premium-para-parede-de-quarto-gamer-e-home-office,"Quadro Decorativo Steve Minecraft Premium para Parede de Quarto Gamer e Home Office","Casa & Decoração",PLA Silk,imagem-conceitual,4,true,0.94,0,BLOCKED,placeholder,"All 4 images are placeholder text cards (uniform_size_text_card)"
csv-dec-015,csv-dec-015-almofada-decorativa-alex-minecraft-para-sofa-cama-e-espaco-geek,"Almofada Decorativa Alex Minecraft para Sofá, Cama e Espaço Geek","Casa & Decoração",PLA Silk,imagem-conceitual,4,true,0.94,0,BLOCKED,placeholder,"All 4 images are placeholder text cards (uniform_size_text_card)"
csv-dec-016,csv-dec-016-placa-decorativa-enderman-minecraft-estilo-geek-para-porta-parede-e-setup,"Placa Decorativa Enderman Minecraft Estilo Geek para Porta, Parede e Setup","Casa & Decoração",PLA Silk,imagem-conceitual,4,true,0.94,0,BLOCKED,placeholder,"All 4 images are placeholder text cards (uniform_size_text_card)"
csv-dec-017,csv-dec-017-luminaria-decorativa-lhama-fortnite-led-para-quarto-gamer-mesa-e-setup-nerd,"Luminária Decorativa Lhama Fortnite LED para Quarto Gamer, Mesa e Setup Nerd","Casa & Decoração",PLA Silk,imagem-conceitual,4,true,0.94,0,BLOCKED,placeholder,"All 4 images are placeholder text cards (uniform_size_text_card)"
csv-dec-018,csv-dec-018-quadro-decorativo-battle-royale-fortnite-premium-para-parede-de-quarto-gamer-e-home-office,"Quadro Decorativo Battle Royale Fortnite Premium para Parede de Quarto Gamer e Home Office","Casa & Decoração",PLA Silk,imagem-conceitual,4,true,0.94,0,BLOCKED,placeholder,"All 4 images are placeholder text cards (uniform_size_text_card)"
csv-dec-019,csv-dec-019-almofada-decorativa-victory-crown-fortnite-para-sofa-cama-e-espaco-geek,"Almofada Decorativa Victory Crown Fortnite para Sofá, Cama e Espaço Geek","Casa & Decoração",PLA Silk,imagem-conceitual,4,true,0.94,0,BLOCKED,placeholder,"All 4 images are placeholder text cards (uniform_size_text_card)"
csv-dec-020,csv-dec-020-placa-decorativa-peely-fortnite-estilo-geek-para-porta-parede-e-setup,"Placa Decorativa Peely Fortnite Estilo Geek para Porta, Parede e Setup","Casa & Decoração",PLA Silk,imagem-conceitual,4,true,0.94,0,BLOCKED,placeholder,"All 4 images are placeholder text cards (uniform_size_text_card)"
csv-dec-021,csv-dec-021-luminaria-decorativa-awp-cs2-led-para-quarto-gamer-mesa-e-setup-nerd,"Luminária Decorativa AWP CS2 LED para Quarto Gamer, Mesa e Setup Nerd","Casa & Decoração",PLA Silk,imagem-conceitual,4,true,0.94,0,BLOCKED,placeholder,"All 4 images are placeholder text cards (uniform_size_text_card)"
csv-dec-022,csv-dec-022-quadro-decorativo-ak-47-cs2-premium-para-parede-de-quarto-gamer-e-home-office,"Quadro Decorativo AK-47 CS2 Premium para Parede de Quarto Gamer e Home Office","Casa & Decoração",PLA Silk,imagem-conceitual,4,true,0.94,0,BLOCKED,placeholder,"All 4 images are placeholder text cards (uniform_size_text_card)"
csv-dec-023,csv-dec-023-almofada-decorativa-knife-cs2-para-sofa-cama-e-espaco-geek,"Almofada Decorativa Knife CS2 para Sofá, Cama e Espaço Geek","Casa & Decoração",PLA Silk,imagem-conceitual,4,true,0.94,0,BLOCKED,placeholder,"All 4 images are placeholder text cards (uniform_size_text_card)"
csv-dec-024,csv-dec-024-placa-decorativa-defuse-cs2-estilo-geek-para-porta-parede-e-setup,"Placa Decorativa Defuse CS2 Estilo Geek para Porta, Parede e Setup","Casa & Decoração",PLA Silk,imagem-conceitual,4,true,0.94,0,BLOCKED,placeholder,"All 4 images are placeholder text cards (uniform_size_text_card)"
csv-dec-025,csv-dec-025-luminaria-decorativa-los-santos-gta-v-led-para-quarto-gamer-mesa-e-setup-nerd,"Luminária Decorativa Los Santos GTA V LED para Quarto Gamer, Mesa e Setup Nerd","Casa & Decoração",PLA Silk,imagem-conceitual,4,true,0.94,0,BLOCKED,placeholder,"All 4 images are placeholder text cards (uniform_size_text_card)"
csv-dec-026,csv-dec-026-quadro-decorativo-franklin-gta-v-premium-para-parede-de-quarto-gamer-e-home-office,"Quadro Decorativo Franklin GTA V Premium para Parede de Quarto Gamer e Home Office","Casa & Decoração",PLA Silk,imagem-conceitual,4,true,0.94,0,BLOCKED,placeholder,"All 4 images are placeholder text cards (uniform_size_text_card)"
csv-dec-027,csv-dec-027-almofada-decorativa-trevor-gta-v-para-sofa-cama-e-espaco-geek,"Almofada Decorativa Trevor GTA V para Sofá, Cama e Espaço Geek","Casa & Decoração",PLA Silk,imagem-conceitual,4,true,0.94,0,BLOCKED,placeholder,"All 4 images are placeholder text cards (uniform_size_text_card)"
csv-dec-028,csv-dec-028-placa-decorativa-michael-gta-v-estilo-geek-para-porta-parede-e-setup,"Placa Decorativa Michael GTA V Estilo Geek para Porta, Parede e Setup","Casa & Decoração",PLA Silk,imagem-conceitual,4,true,0.94,0,BLOCKED,placeholder,"All 4 images are placeholder text cards (uniform_size_text_card)"
csv-dec-029,csv-dec-029-luminaria-decorativa-spider-man-marvel-led-para-quarto-gamer-mesa-e-setup-nerd,"Luminária Decorativa Spider-Man Marvel LED para Quarto Gamer, Mesa e Setup Nerd","Casa & Decoração",PLA Silk,imagem-conceitual,4,true,0.94,0,BLOCKED,placeholder,"All 4 images are placeholder text cards (uniform_size_text_card)"
csv-dec-030,csv-dec-030-quadro-decorativo-iron-man-marvel-premium-para-parede-de-quarto-gamer-e-home-office,"Quadro Decorativo Iron Man Marvel Premium para Parede de Quarto Gamer e Home Office","Casa & Decoração",PLA Silk,imagem-conceitual,4,true,0.94,0,BLOCKED,placeholder,"All 4 images are placeholder text cards (uniform_size_text_card)"
csv-dec-031,csv-dec-031-almofada-decorativa-deadpool-marvel-para-sofa-cama-e-espaco-geek,"Almofada Decorativa Deadpool Marvel para Sofá, Cama e Espaço Geek","Casa & Decoração",PLA Silk,imagem-conceitual,4,true,0.94,0,BLOCKED,placeholder,"All 4 images are placeholder text cards (uniform_size_text_card)"
csv-dec-032,csv-dec-032-placa-decorativa-groot-marvel-estilo-geek-para-porta-parede-e-setup,"Placa Decorativa Groot Marvel Estilo Geek para Porta, Parede e Setup","Casa & Decoração",PLA Silk,imagem-conceitual,4,true,0.94,0,BLOCKED,placeholder,"All 4 images are placeholder text cards (uniform_size_text_card)"
csv-dec-033,csv-dec-033-luminaria-decorativa-darth-vader-star-wars-led-para-quarto-gamer-mesa-e-setup-nerd,"Luminária Decorativa Darth Vader Star Wars LED para Quarto Gamer, Mesa e Setup Nerd","Casa & Decoração",PLA Silk,imagem-conceitual,4,true,0.95,0,BLOCKED,placeholder,"All 4 images are placeholder text cards (uniform_size_text_card)"
csv-dec-034,csv-dec-034-quadro-decorativo-stormtrooper-star-wars-premium-para-parede-de-quarto-gamer-e-home-office,"Quadro Decorativo Stormtrooper Star Wars Premium para Parede de Quarto Gamer e Home Office","Casa & Decoração",PLA Silk,imagem-conceitual,4,true,0.94,0,BLOCKED,placeholder,"All 4 images are placeholder text cards (uniform_size_text_card)"
csv-dec-035,csv-dec-035-almofada-decorativa-mandalorian-star-wars-para-sofa-cama-e-espaco-geek,"Almofada Decorativa Mandalorian Star Wars para Sofá, Cama e Espaço Geek","Casa & Decoração",PLA Silk,imagem-conceitual,4,true,0.94,0,BLOCKED,placeholder,"All 4 images are placeholder text cards (uniform_size_text_card)"
csv-dec-036,csv-dec-036-placa-decorativa-grogu-star-wars-estilo-geek-para-porta-parede-e-setup,"Placa Decorativa Grogu Star Wars Estilo Geek para Porta, Parede e Setup","Casa & Decoração",PLA Silk,imagem-conceitual,4,true,0.94,0,BLOCKED,placeholder,"All 4 images are placeholder text cards (uniform_size_text_card)"
csv-dec-037,csv-dec-037-luminaria-decorativa-pikachu-pokemon-led-para-quarto-gamer-mesa-e-setup-nerd,"Luminária Decorativa Pikachu Pokémon LED para Quarto Gamer, Mesa e Setup Nerd","Casa & Decoração",PLA Silk,imagem-conceitual,4,true,0.94,0,BLOCKED,placeholder,"All 4 images are placeholder text cards (uniform_size_text_card)"
csv-dec-038,csv-dec-038-quadro-decorativo-charmander-pokemon-premium-para-parede-de-quarto-gamer-e-home-office,"Quadro Decorativo Charmander Pokémon Premium para Parede de Quarto Gamer e Home Office","Casa & Decoração",PLA Silk,imagem-conceitual,4,true,0.94,0,BLOCKED,placeholder,"All 4 images are placeholder text cards (uniform_size_text_card)"
csv-dec-039,csv-dec-039-almofada-decorativa-gengar-pokemon-para-sofa-cama-e-espaco-geek,"Almofada Decorativa Gengar Pokémon para Sofá, Cama e Espaço Geek","Casa & Decoração",PLA Silk,imagem-conceitual,4,true,0.94,0,BLOCKED,placeholder,"All 4 images are placeholder text cards (uniform_size_text_card)"
csv-dec-040,csv-dec-040-placa-decorativa-eevee-pokemon-estilo-geek-para-porta-parede-e-setup,"Placa Decorativa Eevee Pokémon Estilo Geek para Porta, Parede e Setup","Casa & Decoração",PLA Silk,imagem-conceitual,4,true,0.94,0,BLOCKED,placeholder,"All 4 images are placeholder text cards (uniform_size_text_card)"
csv-uti-001,csv-uti-001-kit-ferramenta-gamer-jett-valorant-organizador-utilitario-para-mesa-cabos-e-setup,"Kit Ferramenta Gamer Jett Valorant Organizador Utilitário para Mesa, Cabos e Setup","Setup & Organização",PLA+ Reforçado,imagem-conceitual,4,true,0.94,0,BLOCKED,placeholder,"All 4 images are placeholder text cards (uniform_size_text_card)"
csv-uti-002,csv-uti-002-porta-ferramentas-reyna-valorant-para-mesa-gamer-oficina-criativa-e-home-office,"Porta Ferramentas Reyna Valorant para Mesa Gamer, Oficina Criativa e Home Office","Setup & Organização",PLA+ Reforçado,imagem-conceitual,4,true,0.94,0,BLOCKED,placeholder,"All 4 images are placeholder text cards (uniform_size_text_card)"
csv-uti-003,csv-uti-003-suporte-multiuso-sage-valorant-para-headset-controle-cabos-e-acessorios,"Suporte Multiuso Sage Valorant para Headset, Controle, Cabos e Acessórios","Setup & Organização",PLA+ Reforçado,imagem-conceitual,4,true,0.94,0,BLOCKED,placeholder,"All 4 images are placeholder text cards (uniform_size_text_card)"
csv-uti-004,csv-uti-004-organizador-modular-omen-valorant-para-ferramentas-leves-pecas-e-acessorios-nerd,"Organizador Modular Omen Valorant para Ferramentas Leves, Peças e Acessórios Nerd","Setup & Organização",PLA+ Reforçado,imagem-conceitual,4,true,0.94,0,BLOCKED,placeholder,"All 4 images are placeholder text cards (uniform_size_text_card)"
csv-uti-005,csv-uti-005-kit-ferramenta-gamer-ahri-league-of-legends-organizador-utilitario-para-mesa-cabos-e-setup,"Kit Ferramenta Gamer Ahri League of Legends Organizador Utilitário para Mesa, Cabos e Setup","Setup & Organização",PLA+ Reforçado,imagem-conceitual,4,false,0.94,0.85,FIX_TEXT,probable,"Has real images but classified as imagem-conceitual — reclassify visualKind"
csv-uti-006,csv-uti-006-porta-ferramentas-yasuo-league-of-legends-para-mesa-gamer-oficina-criativa-e-home-office,"Porta Ferramentas Yasuo League of Legends para Mesa Gamer, Oficina Criativa e Home Office","Setup & Organização",PLA+ Reforçado,imagem-conceitual,4,true,0.94,0,BLOCKED,placeholder,"All 4 images are placeholder text cards (uniform_size_text_card)"
csv-uti-007,csv-uti-007-suporte-multiuso-jinx-league-of-legends-para-headset-controle-cabos-e-acessorios,"Suporte Multiuso Jinx League of Legends para Headset, Controle, Cabos e Acessórios","Setup & Organização",PLA+ Reforçado,imagem-conceitual,4,true,0.94,0,BLOCKED,placeholder,"All 4 images are placeholder text cards (uniform_size_text_card)"
csv-uti-008,csv-uti-008-organizador-modular-lux-league-of-legends-para-ferramentas-leves-pecas-e-acessorios-nerd,"Organizador Modular Lux League of Legends para Ferramentas Leves, Peças e Acessórios Nerd","Setup & Organização",PLA+ Reforçado,imagem-conceitual,4,true,0.94,0,BLOCKED,placeholder,"All 4 images are placeholder text cards (uniform_size_text_card)"
csv-uti-009,csv-uti-009-kit-ferramenta-gamer-ghost-call-of-duty-organizador-utilitario-para-mesa-cabos-e-setup,"Kit Ferramenta Gamer Ghost Call of Duty Organizador Utilitário para Mesa, Cabos e Setup","Setup & Organização",PLA+ Reforçado,imagem-conceitual,4,true,0.94,0,BLOCKED,placeholder,"All 4 images are placeholder text cards (uniform_size_text_card)"
csv-uti-010,csv-uti-010-porta-ferramentas-soap-call-of-duty-para-mesa-gamer-oficina-criativa-e-home-office,"Porta Ferramentas Soap Call of Duty para Mesa Gamer, Oficina Criativa e Home Office","Setup & Organização",PLA+ Reforçado,imagem-conceitual,4,true,0.94,0,BLOCKED,placeholder,"All 4 images are placeholder text cards (uniform_size_text_card)"
csv-uti-011,csv-uti-011-suporte-multiuso-task-force-call-of-duty-para-headset-controle-cabos-e-acessorios,"Suporte Multiuso Task Force Call of Duty para Headset, Controle, Cabos e Acessórios","Setup & Organização",PLA+ Reforçado,imagem-conceitual,4,true,0.94,0,BLOCKED,placeholder,"All 4 images are placeholder text cards (uniform_size_text_card)"
csv-uti-012,csv-uti-012-organizador-modular-warzone-call-of-duty-para-ferramentas-leves-pecas-e-acessorios-nerd,"Organizador Modular Warzone Call of Duty para Ferramentas Leves, Peças e Acessórios Nerd","Setup & Organização",PLA+ Reforçado,imagem-conceitual,4,true,0.94,0,BLOCKED,placeholder,"All 4 images are placeholder text cards (uniform_size_text_card)"
csv-uti-013,csv-uti-013-kit-ferramenta-gamer-creeper-minecraft-organizador-utilitario-para-mesa-cabos-e-setup,"Kit Ferramenta Gamer Creeper Minecraft Organizador Utilitário para Mesa, Cabos e Setup","Setup & Organização",PLA+ Reforçado,imagem-conceitual,4,true,0.94,0,BLOCKED,placeholder,"All 4 images are placeholder text cards (uniform_size_text_card)"
csv-uti-014,csv-uti-014-porta-ferramentas-steve-minecraft-para-mesa-gamer-oficina-criativa-e-home-office,"Porta Ferramentas Steve Minecraft para Mesa Gamer, Oficina Criativa e Home Office","Setup & Organização",PLA+ Reforçado,imagem-conceitual,4,true,0.94,0,BLOCKED,placeholder,"All 4 images are placeholder text cards (uniform_size_text_card)"
csv-uti-015,csv-uti-015-suporte-multiuso-alex-minecraft-para-headset-controle-cabos-e-acessorios,"Suporte Multiuso Alex Minecraft para Headset, Controle, Cabos e Acessórios","Setup & Organização",PLA+ Reforçado,imagem-conceitual,4,true,0.94,0,BLOCKED,placeholder,"All 4 images are placeholder text cards (uniform_size_text_card)"
csv-uti-016,csv-uti-016-organizador-modular-enderman-minecraft-para-ferramentas-leves-pecas-e-acessorios-nerd,"Organizador Modular Enderman Minecraft para Ferramentas Leves, Peças e Acessórios Nerd","Setup & Organização",PLA+ Reforçado,imagem-conceitual,4,true,0.94,0,BLOCKED,placeholder,"All 4 images are placeholder text cards (uniform_size_text_card)"
csv-uti-017,csv-uti-017-kit-ferramenta-gamer-lhama-fortnite-organizador-utilitario-para-mesa-cabos-e-setup,"Kit Ferramenta Gamer Lhama Fortnite Organizador Utilitário para Mesa, Cabos e Setup","Setup & Organização",PLA+ Reforçado,imagem-conceitual,4,true,0.94,0,BLOCKED,placeholder,"All 4 images are placeholder text cards (uniform_size_text_card)"
csv-uti-018,csv-uti-018-porta-ferramentas-battle-royale-fortnite-para-mesa-gamer-oficina-criativa-e-home-office,"Porta Ferramentas Battle Royale Fortnite para Mesa Gamer, Oficina Criativa e Home Office","Setup & Organização",PLA+ Reforçado,imagem-conceitual,4,true,0.94,0,BLOCKED,placeholder,"All 4 images are placeholder text cards (uniform_size_text_card)"
csv-uti-019,csv-uti-019-suporte-multiuso-victory-crown-fortnite-para-headset-controle-cabos-e-acessorios,"Suporte Multiuso Victory Crown Fortnite para Headset, Controle, Cabos e Acessórios","Setup & Organização",PLA+ Reforçado,imagem-conceitual,4,true,0.94,0,BLOCKED,placeholder,"All 4 images are placeholder text cards (uniform_size_text_card)"
csv-uti-020,csv-uti-020-organizador-modular-peely-fortnite-para-ferramentas-leves-pecas-e-acessorios-nerd,"Organizador Modular Peely Fortnite para Ferramentas Leves, Peças e Acessórios Nerd","Setup & Organização",PLA+ Reforçado,imagem-conceitual,4,true,0.94,0,BLOCKED,placeholder,"All 4 images are placeholder text cards (uniform_size_text_card)"
csv-uti-021,csv-uti-021-kit-ferramenta-gamer-awp-cs2-organizador-utilitario-para-mesa-cabos-e-setup,"Kit Ferramenta Gamer AWP CS2 Organizador Utilitário para Mesa, Cabos e Setup","Setup & Organização",PLA+ Reforçado,imagem-conceitual,4,true,0.94,0,BLOCKED,placeholder,"All 4 images are placeholder text cards (uniform_size_text_card)"
csv-uti-022,csv-uti-022-porta-ferramentas-ak-47-cs2-para-mesa-gamer-oficina-criativa-e-home-office,"Porta Ferramentas AK-47 CS2 para Mesa Gamer, Oficina Criativa e Home Office","Setup & Organização",PLA+ Reforçado,imagem-conceitual,4,true,0.94,0,BLOCKED,placeholder,"All 4 images are placeholder text cards (uniform_size_text_card)"
csv-uti-023,csv-uti-023-suporte-multiuso-knife-cs2-para-headset-controle-cabos-e-acessorios,"Suporte Multiuso Knife CS2 para Headset, Controle, Cabos e Acessórios","Setup & Organização",PLA+ Reforçado,imagem-conceitual,4,true,0.94,0,BLOCKED,placeholder,"All 4 images are placeholder text cards (uniform_size_text_card)"
csv-uti-024,csv-uti-024-organizador-modular-defuse-cs2-para-ferramentas-leves-pecas-e-acessorios-nerd,"Organizador Modular Defuse CS2 para Ferramentas Leves, Peças e Acessórios Nerd","Setup & Organização",PLA+ Reforçado,imagem-conceitual,4,true,0.94,0,BLOCKED,placeholder,"All 4 images are placeholder text cards (uniform_size_text_card)"
csv-uti-025,csv-uti-025-kit-ferramenta-gamer-los-santos-gta-v-organizador-utilitario-para-mesa-cabos-e-setup,"Kit Ferramenta Gamer Los Santos GTA V Organizador Utilitário para Mesa, Cabos e Setup","Setup & Organização",PLA+ Reforçado,imagem-conceitual,4,true,0.94,0,BLOCKED,placeholder,"All 4 images are placeholder text cards (uniform_size_text_card)"
csv-uti-026,csv-uti-026-porta-ferramentas-franklin-gta-v-para-mesa-gamer-oficina-criativa-e-home-office,"Porta Ferramentas Franklin GTA V para Mesa Gamer, Oficina Criativa e Home Office","Setup & Organização",PLA+ Reforçado,imagem-conceitual,4,true,0.94,0,BLOCKED,placeholder,"All 4 images are placeholder text cards (uniform_size_text_card)"
csv-uti-027,csv-uti-027-suporte-multiuso-trevor-gta-v-para-headset-controle-cabos-e-acessorios,"Suporte Multiuso Trevor GTA V para Headset, Controle, Cabos e Acessórios","Setup & Organização",PLA+ Reforçado,imagem-conceitual,4,true,0.94,0,BLOCKED,placeholder,"All 4 images are placeholder text cards (uniform_size_text_card)"
csv-uti-028,csv-uti-028-organizador-modular-michael-gta-v-para-ferramentas-leves-pecas-e-acessorios-nerd,"Organizador Modular Michael GTA V para Ferramentas Leves, Peças e Acessórios Nerd","Setup & Organização",PLA+ Reforçado,imagem-conceitual,4,true,0.94,0,BLOCKED,placeholder,"All 4 images are placeholder text cards (uniform_size_text_card)"
csv-uti-029,csv-uti-029-kit-ferramenta-gamer-spider-man-marvel-organizador-utilitario-para-mesa-cabos-e-setup,"Kit Ferramenta Gamer Spider-Man Marvel Organizador Utilitário para Mesa, Cabos e Setup","Setup & Organização",PLA+ Reforçado,imagem-conceitual,4,true,0.94,0,BLOCKED,placeholder,"All 4 images are placeholder text cards (uniform_size_text_card)"
csv-uti-030,csv-uti-030-porta-ferramentas-iron-man-marvel-para-mesa-gamer-oficina-criativa-e-home-office,"Porta Ferramentas Iron Man Marvel para Mesa Gamer, Oficina Criativa e Home Office","Setup & Organização",PLA+ Reforçado,imagem-conceitual,4,true,0.94,0,BLOCKED,placeholder,"All 4 images are placeholder text cards (uniform_size_text_card)"
csv-uti-031,csv-uti-031-suporte-multiuso-deadpool-marvel-para-headset-controle-cabos-e-acessorios,"Suporte Multiuso Deadpool Marvel para Headset, Controle, Cabos e Acessórios","Setup & Organização",PLA+ Reforçado,imagem-conceitual,4,true,0.94,0,BLOCKED,placeholder,"All 4 images are placeholder text cards (uniform_size_text_card)"
csv-uti-032,csv-uti-032-organizador-modular-groot-marvel-para-ferramentas-leves-pecas-e-acessorios-nerd,"Organizador Modular Groot Marvel para Ferramentas Leves, Peças e Acessórios Nerd","Setup & Organização",PLA+ Reforçado,imagem-conceitual,4,true,0.94,0,BLOCKED,placeholder,"All 4 images are placeholder text cards (uniform_size_text_card)"
csv-uti-033,csv-uti-033-kit-ferramenta-gamer-darth-vader-star-wars-organizador-utilitario-para-mesa-cabos-e-setup,"Kit Ferramenta Gamer Darth Vader Star Wars Organizador Utilitário para Mesa, Cabos e Setup","Setup & Organização",PLA+ Reforçado,imagem-conceitual,4,true,0.94,0,BLOCKED,placeholder,"All 4 images are placeholder text cards (uniform_size_text_card)"
csv-uti-034,csv-uti-034-porta-ferramentas-stormtrooper-star-wars-para-mesa-gamer-oficina-criativa-e-home-office,"Porta Ferramentas Stormtrooper Star Wars para Mesa Gamer, Oficina Criativa e Home Office","Setup & Organização",PLA+ Reforçado,imagem-conceitual,4,true,0.94,0,BLOCKED,placeholder,"All 4 images are placeholder text cards (uniform_size_text_card)"
csv-uti-035,csv-uti-035-suporte-multiuso-mandalorian-star-wars-para-headset-controle-cabos-e-acessorios,"Suporte Multiuso Mandalorian Star Wars para Headset, Controle, Cabos e Acessórios","Setup & Organização",PLA+ Reforçado,imagem-conceitual,4,true,0.94,0,BLOCKED,placeholder,"All 4 images are placeholder text cards (uniform_size_text_card)"
csv-uti-036,csv-uti-036-organizador-modular-grogu-star-wars-para-ferramentas-leves-pecas-e-acessorios-nerd,"Organizador Modular Grogu Star Wars para Ferramentas Leves, Peças e Acessórios Nerd","Setup & Organização",PLA+ Reforçado,imagem-conceitual,4,true,0.94,0,BLOCKED,placeholder,"All 4 images are placeholder text cards (uniform_size_text_card)"
csv-uti-037,csv-uti-037-kit-ferramenta-gamer-pikachu-pokemon-organizador-utilitario-para-mesa-cabos-e-setup,"Kit Ferramenta Gamer Pikachu Pokémon Organizador Utilitário para Mesa, Cabos e Setup","Setup & Organização",PLA+ Reforçado,imagem-conceitual,4,true,0.94,0,BLOCKED,placeholder,"All 4 images are placeholder text cards (uniform_size_text_card)"
csv-uti-038,csv-uti-038-porta-ferramentas-charmander-pokemon-para-mesa-gamer-oficina-criativa-e-home-office,"Porta Ferramentas Charmander Pokémon para Mesa Gamer, Oficina Criativa e Home Office","Setup & Organização",PLA+ Reforçado,imagem-conceitual,4,true,0.94,0,BLOCKED,placeholder,"All 4 images are placeholder text cards (uniform_size_text_card)"
csv-uti-039,csv-uti-039-suporte-multiuso-gengar-pokemon-para-headset-controle-cabos-e-acessorios,"Suporte Multiuso Gengar Pokémon para Headset, Controle, Cabos e Acessórios","Setup & Organização",PLA+ Reforçado,imagem-conceitual,4,true,0.94,0,BLOCKED,placeholder,"All 4 images are placeholder text cards (uniform_size_text_card)"
csv-uti-040,csv-uti-040-organizador-modular-eevee-pokemon-para-ferramentas-leves-pecas-e-acessorios-nerd,"Organizador Modular Eevee Pokémon para Ferramentas Leves, Peças e Acessórios Nerd","Setup & Organização",PLA+ Reforçado,imagem-conceitual,4,false,0.94,0.85,FIX_TEXT,probable,"Has real images but classified as imagem-conceitual — reclassify visualKind"
csv-col-001,csv-col-001-mini-estatua-colecionavel-jett-valorant-edicao-decor-para-estante-mesa-e-setup,"Mini Estátua Colecionável Jett Valorant Edição Decor para Estante, Mesa e Setup","Geek & Colecionáveis",PLA Premium,imagem-conceitual,4,true,0.94,0,BLOCKED,placeholder,"All 4 images are placeholder text cards (uniform_size_text_card)"
csv-col-002,csv-col-002-caneca-colecionavel-reyna-valorant-nerd-premium-para-cafe-desk-e-presente,"Caneca Colecionável Reyna Valorant Nerd Premium para Café, Desk e Presente","Geek & Colecionáveis",PLA Premium,imagem-conceitual,4,true,0.94,0,BLOCKED,placeholder,"All 4 images are placeholder text cards (uniform_size_text_card)"
csv-col-003,csv-col-003-mousepad-colecionavel-sage-valorant-desk-mat-gamer-para-setup-profissional,"Mousepad Colecionável Sage Valorant Desk Mat Gamer para Setup Profissional","Geek & Colecionáveis",PLA Premium,imagem-conceitual,4,true,0.94,0,BLOCKED,placeholder,"All 4 images are placeholder text cards (uniform_size_text_card)"
csv-col-004,csv-col-004-poster-premium-omen-valorant-colecionavel-para-parede-estudio-e-espaco-geek,"Poster Premium Omen Valorant Colecionável para Parede, Estúdio e Espaço Geek","Geek & Colecionáveis",PLA Premium,imagem-conceitual,4,true,1,0,BLOCKED,placeholder,"All 4 images are placeholder text cards (uniform_size_text_card)"
csv-col-005,csv-col-005-mini-estatua-colecionavel-ahri-league-of-legends-edicao-decor-para-estante-mesa-e-setup,"Mini Estátua Colecionável Ahri League of Legends Edição Decor para Estante, Mesa e Setup","Geek & Colecionáveis",PLA Premium,imagem-conceitual,4,true,0.95,0,BLOCKED,placeholder,"All 4 images are placeholder text cards (uniform_size_text_card)"
csv-col-006,csv-col-006-caneca-colecionavel-yasuo-league-of-legends-nerd-premium-para-cafe-desk-e-presente,"Caneca Colecionável Yasuo League of Legends Nerd Premium para Café, Desk e Presente","Geek & Colecionáveis",PLA Premium,imagem-conceitual,4,true,0.94,0,BLOCKED,placeholder,"All 4 images are placeholder text cards (uniform_size_text_card)"
csv-col-007,csv-col-007-mousepad-colecionavel-jinx-league-of-legends-desk-mat-gamer-para-setup-profissional,"Mousepad Colecionável Jinx League of Legends Desk Mat Gamer para Setup Profissional","Geek & Colecionáveis",PLA Premium,imagem-conceitual,4,true,0.94,0,BLOCKED,placeholder,"All 4 images are placeholder text cards (uniform_size_text_card)"
csv-col-008,csv-col-008-poster-premium-lux-league-of-legends-colecionavel-para-parede-estudio-e-espaco-geek,"Poster Premium Lux League of Legends Colecionável para Parede, Estúdio e Espaço Geek","Geek & Colecionáveis",PLA Premium,imagem-conceitual,4,true,1,0,BLOCKED,placeholder,"All 4 images are placeholder text cards (uniform_size_text_card)"
csv-col-009,csv-col-009-mini-estatua-colecionavel-ghost-call-of-duty-edicao-decor-para-estante-mesa-e-setup,"Mini Estátua Colecionável Ghost Call of Duty Edição Decor para Estante, Mesa e Setup","Geek & Colecionáveis",PLA Premium,imagem-conceitual,4,true,0.95,0,BLOCKED,placeholder,"All 4 images are placeholder text cards (uniform_size_text_card)"
csv-col-010,csv-col-010-caneca-colecionavel-soap-call-of-duty-nerd-premium-para-cafe-desk-e-presente,"Caneca Colecionável Soap Call of Duty Nerd Premium para Café, Desk e Presente","Geek & Colecionáveis",PLA Premium,imagem-conceitual,4,true,0.94,0,BLOCKED,placeholder,"All 4 images are placeholder text cards (uniform_size_text_card)"
csv-col-011,csv-col-011-mousepad-colecionavel-task-force-call-of-duty-desk-mat-gamer-para-setup-profissional,"Mousepad Colecionável Task Force Call of Duty Desk Mat Gamer para Setup Profissional","Geek & Colecionáveis",PLA Premium,imagem-conceitual,4,true,0.94,0,BLOCKED,placeholder,"All 4 images are placeholder text cards (uniform_size_text_card)"
csv-col-012,csv-col-012-poster-premium-warzone-call-of-duty-colecionavel-para-parede-estudio-e-espaco-geek,"Poster Premium Warzone Call of Duty Colecionável para Parede, Estúdio e Espaço Geek","Geek & Colecionáveis",PLA Premium,imagem-conceitual,4,true,1,0,BLOCKED,placeholder,"All 4 images are placeholder text cards (uniform_size_text_card)"
csv-col-013,csv-col-013-mini-estatua-colecionavel-creeper-minecraft-edicao-decor-para-estante-mesa-e-setup,"Mini Estátua Colecionável Creeper Minecraft Edição Decor para Estante, Mesa e Setup","Geek & Colecionáveis",PLA Premium,imagem-conceitual,4,true,0.94,0,BLOCKED,placeholder,"All 4 images are placeholder text cards (uniform_size_text_card)"
csv-col-014,csv-col-014-caneca-colecionavel-steve-minecraft-nerd-premium-para-cafe-desk-e-presente,"Caneca Colecionável Steve Minecraft Nerd Premium para Café, Desk e Presente","Geek & Colecionáveis",PLA Premium,imagem-conceitual,4,true,0.94,0,BLOCKED,placeholder,"All 4 images are placeholder text cards (uniform_size_text_card)"
csv-col-015,csv-col-015-mousepad-colecionavel-alex-minecraft-desk-mat-gamer-para-setup-profissional,"Mousepad Colecionável Alex Minecraft Desk Mat Gamer para Setup Profissional","Geek & Colecionáveis",PLA Premium,imagem-conceitual,4,true,0.94,0,BLOCKED,placeholder,"All 4 images are placeholder text cards (uniform_size_text_card)"
csv-col-016,csv-col-016-poster-premium-enderman-minecraft-colecionavel-para-parede-estudio-e-espaco-geek,"Poster Premium Enderman Minecraft Colecionável para Parede, Estúdio e Espaço Geek","Geek & Colecionáveis",PLA Premium,imagem-conceitual,4,true,1,0,BLOCKED,placeholder,"All 4 images are placeholder text cards (uniform_size_text_card)"
csv-col-017,csv-col-017-mini-estatua-colecionavel-lhama-fortnite-edicao-decor-para-estante-mesa-e-setup,"Mini Estátua Colecionável Lhama Fortnite Edição Decor para Estante, Mesa e Setup","Geek & Colecionáveis",PLA Premium,imagem-conceitual,4,true,0.94,0,BLOCKED,placeholder,"All 4 images are placeholder text cards (uniform_size_text_card)"
csv-col-018,csv-col-018-caneca-colecionavel-battle-royale-fortnite-nerd-premium-para-cafe-desk-e-presente,"Caneca Colecionável Battle Royale Fortnite Nerd Premium para Café, Desk e Presente","Geek & Colecionáveis",PLA Premium,imagem-conceitual,4,true,0.94,0,BLOCKED,placeholder,"All 4 images are placeholder text cards (uniform_size_text_card)"
csv-col-019,csv-col-019-mousepad-colecionavel-victory-crown-fortnite-desk-mat-gamer-para-setup-profissional,"Mousepad Colecionável Victory Crown Fortnite Desk Mat Gamer para Setup Profissional","Geek & Colecionáveis",PLA Premium,imagem-conceitual,4,true,0.94,0,BLOCKED,placeholder,"All 4 images are placeholder text cards (uniform_size_text_card)"
csv-col-020,csv-col-020-poster-premium-peely-fortnite-colecionavel-para-parede-estudio-e-espaco-geek,"Poster Premium Peely Fortnite Colecionável para Parede, Estúdio e Espaço Geek","Geek & Colecionáveis",PLA Premium,imagem-conceitual,4,true,1,0,BLOCKED,placeholder,"All 4 images are placeholder text cards (uniform_size_text_card)"
csv-col-021,csv-col-021-mini-estatua-colecionavel-awp-cs2-edicao-decor-para-estante-mesa-e-setup,"Mini Estátua Colecionável AWP CS2 Edição Decor para Estante, Mesa e Setup","Geek & Colecionáveis",PLA Premium,imagem-conceitual,4,true,0.94,0,BLOCKED,placeholder,"All 4 images are placeholder text cards (uniform_size_text_card)"
csv-col-022,csv-col-022-caneca-colecionavel-ak-47-cs2-nerd-premium-para-cafe-desk-e-presente,"Caneca Colecionável AK-47 CS2 Nerd Premium para Café, Desk e Presente","Geek & Colecionáveis",PLA Premium,imagem-conceitual,4,true,0.94,0,BLOCKED,placeholder,"All 4 images are placeholder text cards (uniform_size_text_card)"
csv-col-023,csv-col-023-mousepad-colecionavel-knife-cs2-desk-mat-gamer-para-setup-profissional,"Mousepad Colecionável Knife CS2 Desk Mat Gamer para Setup Profissional","Geek & Colecionáveis",PLA Premium,imagem-conceitual,4,true,0.94,0,BLOCKED,placeholder,"All 4 images are placeholder text cards (uniform_size_text_card)"
csv-col-024,csv-col-024-poster-premium-defuse-cs2-colecionavel-para-parede-estudio-e-espaco-geek,"Poster Premium Defuse CS2 Colecionável para Parede, Estúdio e Espaço Geek","Geek & Colecionáveis",PLA Premium,imagem-conceitual,4,true,1,0,BLOCKED,placeholder,"All 4 images are placeholder text cards (uniform_size_text_card)"
csv-col-025,csv-col-025-mini-estatua-colecionavel-los-santos-gta-v-edicao-decor-para-estante-mesa-e-setup,"Mini Estátua Colecionável Los Santos GTA V Edição Decor para Estante, Mesa e Setup","Geek & Colecionáveis",PLA Premium,imagem-conceitual,4,true,0.95,0,BLOCKED,placeholder,"All 4 images are placeholder text cards (uniform_size_text_card)"
csv-col-026,csv-col-026-caneca-colecionavel-franklin-gta-v-nerd-premium-para-cafe-desk-e-presente,"Caneca Colecionável Franklin GTA V Nerd Premium para Café, Desk e Presente","Geek & Colecionáveis",PLA Premium,imagem-conceitual,4,true,0.94,0,BLOCKED,placeholder,"All 4 images are placeholder text cards (uniform_size_text_card)"
csv-col-027,csv-col-027-mousepad-colecionavel-trevor-gta-v-desk-mat-gamer-para-setup-profissional,"Mousepad Colecionável Trevor GTA V Desk Mat Gamer para Setup Profissional","Geek & Colecionáveis",PLA Premium,imagem-conceitual,4,true,0.94,0,BLOCKED,placeholder,"All 4 images are placeholder text cards (uniform_size_text_card)"
csv-col-028,csv-col-028-poster-premium-michael-gta-v-colecionavel-para-parede-estudio-e-espaco-geek,"Poster Premium Michael GTA V Colecionável para Parede, Estúdio e Espaço Geek","Geek & Colecionáveis",PLA Premium,imagem-conceitual,4,true,1,0,BLOCKED,placeholder,"All 4 images are placeholder text cards (uniform_size_text_card)"
csv-col-029,csv-col-029-mini-estatua-colecionavel-spider-man-marvel-edicao-decor-para-estante-mesa-e-setup,"Mini Estátua Colecionável Spider-Man Marvel Edição Decor para Estante, Mesa e Setup","Geek & Colecionáveis",PLA Premium,imagem-conceitual,4,true,0.95,0,BLOCKED,placeholder,"All 4 images are placeholder text cards (uniform_size_text_card)"
csv-col-030,csv-col-030-caneca-colecionavel-iron-man-marvel-nerd-premium-para-cafe-desk-e-presente,"Caneca Colecionável Iron Man Marvel Nerd Premium para Café, Desk e Presente","Geek & Colecionáveis",PLA Premium,imagem-conceitual,4,true,0.94,0,BLOCKED,placeholder,"All 4 images are placeholder text cards (uniform_size_text_card)"
csv-col-031,csv-col-031-mousepad-colecionavel-deadpool-marvel-desk-mat-gamer-para-setup-profissional,"Mousepad Colecionável Deadpool Marvel Desk Mat Gamer para Setup Profissional","Geek & Colecionáveis",PLA Premium,imagem-conceitual,4,true,0.94,0,BLOCKED,placeholder,"All 4 images are placeholder text cards (uniform_size_text_card)"
csv-col-032,csv-col-032-poster-premium-groot-marvel-colecionavel-para-parede-estudio-e-espaco-geek,"Poster Premium Groot Marvel Colecionável para Parede, Estúdio e Espaço Geek","Geek & Colecionáveis",PLA Premium,imagem-conceitual,4,true,1,0,BLOCKED,placeholder,"All 4 images are placeholder text cards (uniform_size_text_card)"
csv-col-033,csv-col-033-mini-estatua-colecionavel-darth-vader-star-wars-edicao-decor-para-estante-mesa-e-setup,"Mini Estátua Colecionável Darth Vader Star Wars Edição Decor para Estante, Mesa e Setup","Geek & Colecionáveis",PLA Premium,imagem-conceitual,4,true,0.95,0,BLOCKED,placeholder,"All 4 images are placeholder text cards (uniform_size_text_card)"
csv-col-034,csv-col-034-caneca-colecionavel-stormtrooper-star-wars-nerd-premium-para-cafe-desk-e-presente,"Caneca Colecionável Stormtrooper Star Wars Nerd Premium para Café, Desk e Presente","Geek & Colecionáveis",PLA Premium,imagem-conceitual,4,true,0.94,0,BLOCKED,placeholder,"All 4 images are placeholder text cards (uniform_size_text_card)"
csv-col-035,csv-col-035-mousepad-colecionavel-mandalorian-star-wars-desk-mat-gamer-para-setup-profissional,"Mousepad Colecionável Mandalorian Star Wars Desk Mat Gamer para Setup Profissional","Geek & Colecionáveis",PLA Premium,imagem-conceitual,4,true,0.94,0,BLOCKED,placeholder,"All 4 images are placeholder text cards (uniform_size_text_card)"
csv-col-036,csv-col-036-poster-premium-grogu-star-wars-colecionavel-para-parede-estudio-e-espaco-geek,"Poster Premium Grogu Star Wars Colecionável para Parede, Estúdio e Espaço Geek","Geek & Colecionáveis",PLA Premium,imagem-conceitual,4,true,1,0,BLOCKED,placeholder,"All 4 images are placeholder text cards (uniform_size_text_card)"
csv-col-037,csv-col-037-mini-estatua-colecionavel-pikachu-pokemon-edicao-decor-para-estante-mesa-e-setup,"Mini Estátua Colecionável Pikachu Pokémon Edição Decor para Estante, Mesa e Setup","Geek & Colecionáveis",PLA Premium,imagem-conceitual,4,true,0.94,0,BLOCKED,placeholder,"All 4 images are placeholder text cards (uniform_size_text_card)"
csv-col-038,csv-col-038-caneca-colecionavel-charmander-pokemon-nerd-premium-para-cafe-desk-e-presente,"Caneca Colecionável Charmander Pokémon Nerd Premium para Café, Desk e Presente","Geek & Colecionáveis",PLA Premium,imagem-conceitual,4,true,0.94,0,BLOCKED,placeholder,"All 4 images are placeholder text cards (uniform_size_text_card)"
csv-col-039,csv-col-039-mousepad-colecionavel-gengar-pokemon-desk-mat-gamer-para-setup-profissional,"Mousepad Colecionável Gengar Pokémon Desk Mat Gamer para Setup Profissional","Geek & Colecionáveis",PLA Premium,imagem-conceitual,4,true,0.94,0,BLOCKED,placeholder,"All 4 images are placeholder text cards (uniform_size_text_card)"
csv-col-040,csv-col-040-poster-premium-eevee-pokemon-colecionavel-para-parede-estudio-e-espaco-geek,"Poster Premium Eevee Pokémon Colecionável para Parede, Estúdio e Espaço Geek","Geek & Colecionáveis",PLA Premium,imagem-conceitual,4,true,1,0,BLOCKED,placeholder,"All 4 images are placeholder text cards (uniform_size_text_card)"