slug,title,pixPriceBrl,listPriceBrl,installmentCount,installmentPriceBrl,pricingSource
csv-cha-001-chaveiro-acrilico-premium-jett-valorant-dupla-face-para-mochila-chaves-e-setup-gamer,"Chaveiro Acrilico Premium Jett Valorant Dupla Face Para Mochila Chaves E Setup Gamer",40.9,48.9,12,4.08,marketfit-popular-heuristic
csv-cha-002-chaveiro-emborrachado-reyna-valorant-estilo-gamer-resistente-para-chaves-e-mochila,"Chaveiro Emborrachado Reyna Valorant Estilo Gamer Resistente Para Chaves E Mochila",38.9,46.9,12,3.91,marketfit-popular-heuristic
csv-cha-003-chaveiro-metalizado-sage-valorant-edicao-nerd-para-colecao-e-presente-criativo,"Chaveiro Metalizado Sage Valorant Edicao Nerd Para Colecao E Presente Criativo",46.9,55.9,12,4.66,marketfit-popular-heuristic
csv-cha-004-chaveiro-3d-omen-valorant-mini-pingente-decorativo-para-mochila-e-setup,"Chaveiro 3D Omen Valorant Mini Pingente Decorativo Para Mochila E Setup",26.9,34.9,12,2.91,marketfit-popular-heuristic
csv-cha-005-chaveiro-acrilico-premium-ahri-league-of-legends-dupla-face-para-mochila-chaves-e-setup-gamer,"Chaveiro Acrilico Premium Ahri League OF Legends Dupla Face Para Mochila Chaves E Setup Gamer",40.9,48.9,12,4.08,marketfit-popular-heuristic
csv-cha-006-chaveiro-emborrachado-yasuo-league-of-legends-estilo-gamer-resistente-para-chaves-e-mochila,"Chaveiro Emborrachado Yasuo League OF Legends Estilo Gamer Resistente Para Chaves E Mochila",38.9,46.9,12,3.91,marketfit-popular-heuristic
csv-cha-007-chaveiro-metalizado-jinx-league-of-legends-edicao-nerd-para-colecao-e-presente-criativo,"Chaveiro Metalizado Jinx League OF Legends Edicao Nerd Para Colecao E Presente Criativo",46.9,55.9,12,4.66,marketfit-popular-heuristic
csv-cha-008-chaveiro-3d-lux-league-of-legends-mini-pingente-decorativo-para-mochila-e-setup,"Chaveiro 3D LUX League OF Legends Mini Pingente Decorativo Para Mochila E Setup",26.9,34.9,12,2.91,marketfit-popular-heuristic
csv-cha-009-chaveiro-acrilico-premium-ghost-call-of-duty-dupla-face-para-mochila-chaves-e-setup-gamer,"Chaveiro Acrilico Premium Ghost Call OF Duty Dupla Face Para Mochila Chaves E Setup Gamer",32.9,40.9,12,3.41,marketfit-popular-heuristic
csv-cha-010-chaveiro-emborrachado-soap-call-of-duty-estilo-gamer-resistente-para-chaves-e-mochila,"Chaveiro Emborrachado Soap Call OF Duty Estilo Gamer Resistente Para Chaves E Mochila",30.9,38.9,12,3.24,marketfit-popular-heuristic
csv-cha-011-chaveiro-metalizado-task-force-call-of-duty-edicao-nerd-para-colecao-e-presente-criativo,"Chaveiro Metalizado Task Force Call OF Duty Edicao Nerd Para Colecao E Presente Criativo",38.9,46.9,12,3.91,marketfit-popular-heuristic
csv-cha-012-chaveiro-3d-warzone-call-of-duty-mini-pingente-decorativo-para-mochila-e-setup,"Chaveiro 3D Warzone Call OF Duty Mini Pingente Decorativo Para Mochila E Setup",18.9,26.9,12,2.24,marketfit-popular-heuristic
csv-cha-013-chaveiro-acrilico-premium-creeper-minecraft-dupla-face-para-mochila-chaves-e-setup-gamer,"Chaveiro Acrilico Premium Creeper Minecraft Dupla Face Para Mochila Chaves E Setup Gamer",38.9,46.9,12,3.91,marketfit-popular-heuristic
csv-cha-014-chaveiro-emborrachado-steve-minecraft-estilo-gamer-resistente-para-chaves-e-mochila,"Chaveiro Emborrachado Steve Minecraft Estilo Gamer Resistente Para Chaves E Mochila",36.9,44.9,12,3.74,marketfit-popular-heuristic
csv-cha-015-chaveiro-metalizado-alex-minecraft-edicao-nerd-para-colecao-e-presente-criativo,"Chaveiro Metalizado Alex Minecraft Edicao Nerd Para Colecao E Presente Criativo",44.9,52.9,12,4.41,marketfit-popular-heuristic
csv-cha-016-chaveiro-3d-enderman-minecraft-mini-pingente-decorativo-para-mochila-e-setup,"Chaveiro 3D Enderman Minecraft Mini Pingente Decorativo Para Mochila E Setup",24.9,32.9,12,2.74,marketfit-popular-heuristic
csv-cha-017-chaveiro-acrilico-premium-lhama-fortnite-dupla-face-para-mochila-chaves-e-setup-gamer,"Chaveiro Acrilico Premium Lhama Fortnite Dupla Face Para Mochila Chaves E Setup Gamer",40.9,48.9,12,4.08,marketfit-popular-heuristic
csv-cha-018-chaveiro-emborrachado-battle-royale-fortnite-estilo-gamer-resistente-para-chaves-e-mochila,"Chaveiro Emborrachado Battle Royale Fortnite Estilo Gamer Resistente Para Chaves E Mochila",38.9,46.9,12,3.91,marketfit-popular-heuristic
csv-cha-019-chaveiro-metalizado-victory-crown-fortnite-edicao-nerd-para-colecao-e-presente-criativo,"Chaveiro Metalizado Victory Crown Fortnite Edicao Nerd Para Colecao E Presente Criativo",46.9,55.9,12,4.66,marketfit-popular-heuristic
csv-cha-020-chaveiro-3d-peely-fortnite-mini-pingente-decorativo-para-mochila-e-setup,"Chaveiro 3D Peely Fortnite Mini Pingente Decorativo Para Mochila E Setup",26.9,34.9,12,2.91,marketfit-popular-heuristic
csv-cha-021-chaveiro-acrilico-premium-awp-cs2-dupla-face-para-mochila-chaves-e-setup-gamer,"Chaveiro Acrilico Premium AWP CS2 Dupla Face Para Mochila Chaves E Setup Gamer",40.9,48.9,12,4.08,marketfit-popular-heuristic
csv-cha-022-chaveiro-emborrachado-ak-47-cs2-estilo-gamer-resistente-para-chaves-e-mochila,"Chaveiro Emborrachado AK 47 CS2 Estilo Gamer Resistente Para Chaves E Mochila",38.9,46.9,12,3.91,marketfit-popular-heuristic
csv-cha-023-chaveiro-metalizado-knife-cs2-edicao-nerd-para-colecao-e-presente-criativo,"Chaveiro Metalizado Knife CS2 Edicao Nerd Para Colecao E Presente Criativo",46.9,55.9,12,4.66,marketfit-popular-heuristic
csv-cha-024-chaveiro-3d-defuse-cs2-mini-pingente-decorativo-para-mochila-e-setup,"Chaveiro 3D Defuse CS2 Mini Pingente Decorativo Para Mochila E Setup",26.9,34.9,12,2.91,marketfit-popular-heuristic
csv-cha-025-chaveiro-acrilico-premium-los-santos-gta-v-dupla-face-para-mochila-chaves-e-setup-gamer,"Chaveiro Acrilico Premium LOS Santos GTA V Dupla Face Para Mochila Chaves E Setup Gamer",40.9,48.9,12,4.08,marketfit-popular-heuristic
csv-cha-026-chaveiro-emborrachado-franklin-gta-v-estilo-gamer-resistente-para-chaves-e-mochila,"Chaveiro Emborrachado Franklin GTA V Estilo Gamer Resistente Para Chaves E Mochila",38.9,46.9,12,3.91,marketfit-popular-heuristic
csv-cha-027-chaveiro-metalizado-trevor-gta-v-edicao-nerd-para-colecao-e-presente-criativo,"Chaveiro Metalizado Trevor GTA V Edicao Nerd Para Colecao E Presente Criativo",46.9,55.9,12,4.66,marketfit-popular-heuristic
csv-cha-028-chaveiro-3d-michael-gta-v-mini-pingente-decorativo-para-mochila-e-setup,"Chaveiro 3D Michael GTA V Mini Pingente Decorativo Para Mochila E Setup",26.9,34.9,12,2.91,marketfit-popular-heuristic
csv-cha-029-chaveiro-acrilico-premium-spider-man-marvel-dupla-face-para-mochila-chaves-e-setup-gamer,"Chaveiro Acrilico Premium Spider MAN Marvel Dupla Face Para Mochila Chaves E Setup Gamer",40.9,48.9,12,4.08,marketfit-popular-heuristic
csv-cha-030-chaveiro-emborrachado-iron-man-marvel-estilo-gamer-resistente-para-chaves-e-mochila,"Chaveiro Emborrachado Iron MAN Marvel Estilo Gamer Resistente Para Chaves E Mochila",38.9,46.9,12,3.91,marketfit-popular-heuristic
csv-cha-031-chaveiro-metalizado-deadpool-marvel-edicao-nerd-para-colecao-e-presente-criativo,"Chaveiro Metalizado Deadpool Marvel Edicao Nerd Para Colecao E Presente Criativo",46.9,55.9,12,4.66,marketfit-popular-heuristic
csv-cha-032-chaveiro-3d-groot-marvel-mini-pingente-decorativo-para-mochila-e-setup,"Chaveiro 3D Groot Marvel Mini Pingente Decorativo Para Mochila E Setup",26.9,34.9,12,2.91,marketfit-popular-heuristic
csv-cha-033-chaveiro-acrilico-premium-darth-vader-star-wars-dupla-face-para-mochila-chaves-e-setup-gamer,"Chaveiro Acrilico Premium Darth Vader Star Wars Dupla Face Para Mochila Chaves E Setup Gamer",40.9,48.9,12,4.08,marketfit-popular-heuristic
csv-cha-034-chaveiro-emborrachado-stormtrooper-star-wars-estilo-gamer-resistente-para-chaves-e-mochila,"Chaveiro Emborrachado Stormtrooper Star Wars Estilo Gamer Resistente Para Chaves E Mochila",38.9,46.9,12,3.91,marketfit-popular-heuristic
csv-cha-035-chaveiro-metalizado-mandalorian-star-wars-edicao-nerd-para-colecao-e-presente-criativo,"Chaveiro Metalizado Mandalorian Star Wars Edicao Nerd Para Colecao E Presente Criativo",46.9,55.9,12,4.66,marketfit-popular-heuristic
csv-cha-036-chaveiro-3d-grogu-star-wars-mini-pingente-decorativo-para-mochila-e-setup,"Chaveiro 3D Grogu Star Wars Mini Pingente Decorativo Para Mochila E Setup",26.9,34.9,12,2.91,marketfit-popular-heuristic
csv-cha-037-chaveiro-acrilico-premium-pikachu-pokemon-dupla-face-para-mochila-chaves-e-setup-gamer,"Chaveiro Acrilico Premium Pikachu Pokemon Dupla Face Para Mochila Chaves E Setup Gamer",38.9,46.9,12,3.91,marketfit-popular-heuristic
csv-cha-038-chaveiro-emborrachado-charmander-pokemon-estilo-gamer-resistente-para-chaves-e-mochila,"Chaveiro Emborrachado Charmander Pokemon Estilo Gamer Resistente Para Chaves E Mochila",36.9,44.9,12,3.74,marketfit-popular-heuristic
csv-cha-039-chaveiro-metalizado-gengar-pokemon-edicao-nerd-para-colecao-e-presente-criativo,"Chaveiro Metalizado Gengar Pokemon Edicao Nerd Para Colecao E Presente Criativo",44.9,52.9,12,4.41,marketfit-popular-heuristic
csv-cha-040-chaveiro-3d-eevee-pokemon-mini-pingente-decorativo-para-mochila-e-setup,"Chaveiro 3D Eevee Pokemon Mini Pingente Decorativo Para Mochila E Setup",24.9,32.9,12,2.74,marketfit-popular-heuristic
csv-col-001-mini-estatua-colecionavel-jett-valorant-edicao-decor-para-estante-mesa-e-setup,"Mini Estatua Colecionavel Jett Valorant Edicao Decor Para Estante Mesa E Setup",94.9,111.9,12,9.33,marketfit-popular-heuristic
csv-col-002-caneca-colecionavel-reyna-valorant-nerd-premium-para-cafe-desk-e-presente,"Caneca Colecionavel Reyna Valorant Nerd Premium Para Cafe Desk E Presente",110.9,130.9,12,10.91,marketfit-popular-heuristic
csv-col-003-mousepad-colecionavel-sage-valorant-desk-mat-gamer-para-setup-profissional,"Mousepad Colecionavel Sage Valorant Desk MAT Gamer Para Setup Profissional",112.9,133.9,12,11.16,marketfit-popular-heuristic
csv-col-004-poster-premium-omen-valorant-colecionavel-para-parede-estudio-e-espaco-geek,"Poster Premium Omen Valorant Colecionavel Para Parede Estudio E Espaco Geek",116.9,137.9,12,11.49,marketfit-popular-heuristic
csv-col-005-mini-estatua-colecionavel-ahri-league-of-legends-edicao-decor-para-estante-mesa-e-setup,"Mini Estatua Colecionavel Ahri League OF Legends Edicao Decor Para Estante Mesa E Setup",94.9,111.9,12,9.33,marketfit-popular-heuristic
csv-col-006-caneca-colecionavel-yasuo-league-of-legends-nerd-premium-para-cafe-desk-e-presente,"Caneca Colecionavel Yasuo League OF Legends Nerd Premium Para Cafe Desk E Presente",110.9,130.9,12,10.91,marketfit-popular-heuristic
csv-col-007-mousepad-colecionavel-jinx-league-of-legends-desk-mat-gamer-para-setup-profissional,"Mousepad Colecionavel Jinx League OF Legends Desk MAT Gamer Para Setup Profissional",112.9,133.9,12,11.16,marketfit-popular-heuristic
csv-col-008-poster-premium-lux-league-of-legends-colecionavel-para-parede-estudio-e-espaco-geek,"Poster Premium LUX League OF Legends Colecionavel Para Parede Estudio E Espaco Geek",116.9,137.9,12,11.49,marketfit-popular-heuristic
csv-col-009-mini-estatua-colecionavel-ghost-call-of-duty-edicao-decor-para-estante-mesa-e-setup,"Mini Estatua Colecionavel Ghost Call OF Duty Edicao Decor Para Estante Mesa E Setup",86.9,102.9,12,8.58,marketfit-popular-heuristic
csv-col-010-caneca-colecionavel-soap-call-of-duty-nerd-premium-para-cafe-desk-e-presente,"Caneca Colecionavel Soap Call OF Duty Nerd Premium Para Cafe Desk E Presente",102.9,121.9,12,10.16,marketfit-popular-heuristic
csv-col-011-mousepad-colecionavel-task-force-call-of-duty-desk-mat-gamer-para-setup-profissional,"Mousepad Colecionavel Task Force Call OF Duty Desk MAT Gamer Para Setup Profissional",104.9,123.9,12,10.33,marketfit-popular-heuristic
csv-col-012-poster-premium-warzone-call-of-duty-colecionavel-para-parede-estudio-e-espaco-geek,"Poster Premium Warzone Call OF Duty Colecionavel Para Parede Estudio E Espaco Geek",108.9,128.9,12,10.74,marketfit-popular-heuristic
csv-col-013-mini-estatua-colecionavel-creeper-minecraft-edicao-decor-para-estante-mesa-e-setup,"Mini Estatua Colecionavel Creeper Minecraft Edicao Decor Para Estante Mesa E Setup",92.9,109.9,12,9.16,marketfit-popular-heuristic
csv-col-014-caneca-colecionavel-steve-minecraft-nerd-premium-para-cafe-desk-e-presente,"Caneca Colecionavel Steve Minecraft Nerd Premium Para Cafe Desk E Presente",108.9,128.9,12,10.74,marketfit-popular-heuristic
csv-col-015-mousepad-colecionavel-alex-minecraft-desk-mat-gamer-para-setup-profissional,"Mousepad Colecionavel Alex Minecraft Desk MAT Gamer Para Setup Profissional",110.9,130.9,12,10.91,marketfit-popular-heuristic
csv-col-016-poster-premium-enderman-minecraft-colecionavel-para-parede-estudio-e-espaco-geek,"Poster Premium Enderman Minecraft Colecionavel Para Parede Estudio E Espaco Geek",114.9,135.9,12,11.33,marketfit-popular-heuristic
csv-col-017-mini-estatua-colecionavel-lhama-fortnite-edicao-decor-para-estante-mesa-e-setup,"Mini Estatua Colecionavel Lhama Fortnite Edicao Decor Para Estante Mesa E Setup",94.9,111.9,12,9.33,marketfit-popular-heuristic
csv-col-018-caneca-colecionavel-battle-royale-fortnite-nerd-premium-para-cafe-desk-e-presente,"Caneca Colecionavel Battle Royale Fortnite Nerd Premium Para Cafe Desk E Presente",110.9,130.9,12,10.91,marketfit-popular-heuristic
csv-col-019-mousepad-colecionavel-victory-crown-fortnite-desk-mat-gamer-para-setup-profissional,"Mousepad Colecionavel Victory Crown Fortnite Desk MAT Gamer Para Setup Profissional",112.9,133.9,12,11.16,marketfit-popular-heuristic
csv-col-020-poster-premium-peely-fortnite-colecionavel-para-parede-estudio-e-espaco-geek,"Poster Premium Peely Fortnite Colecionavel Para Parede Estudio E Espaco Geek",116.9,137.9,12,11.49,marketfit-popular-heuristic
csv-col-021-mini-estatua-colecionavel-awp-cs2-edicao-decor-para-estante-mesa-e-setup,"Mini Estatua Colecionavel AWP CS2 Edicao Decor Para Estante Mesa E Setup",94.9,111.9,12,9.33,marketfit-popular-heuristic
csv-col-022-caneca-colecionavel-ak-47-cs2-nerd-premium-para-cafe-desk-e-presente,"Caneca Colecionavel AK 47 CS2 Nerd Premium Para Cafe Desk E Presente",110.9,130.9,12,10.91,marketfit-popular-heuristic
csv-col-023-mousepad-colecionavel-knife-cs2-desk-mat-gamer-para-setup-profissional,"Mousepad Colecionavel Knife CS2 Desk MAT Gamer Para Setup Profissional",112.9,133.9,12,11.16,marketfit-popular-heuristic
csv-col-024-poster-premium-defuse-cs2-colecionavel-para-parede-estudio-e-espaco-geek,"Poster Premium Defuse CS2 Colecionavel Para Parede Estudio E Espaco Geek",116.9,137.9,12,11.49,marketfit-popular-heuristic
csv-col-025-mini-estatua-colecionavel-los-santos-gta-v-edicao-decor-para-estante-mesa-e-setup,"Mini Estatua Colecionavel LOS Santos GTA V Edicao Decor Para Estante Mesa E Setup",94.9,111.9,12,9.33,marketfit-popular-heuristic
csv-col-026-caneca-colecionavel-franklin-gta-v-nerd-premium-para-cafe-desk-e-presente,"Caneca Colecionavel Franklin GTA V Nerd Premium Para Cafe Desk E Presente",110.9,130.9,12,10.91,marketfit-popular-heuristic
csv-col-027-mousepad-colecionavel-trevor-gta-v-desk-mat-gamer-para-setup-profissional,"Mousepad Colecionavel Trevor GTA V Desk MAT Gamer Para Setup Profissional",112.9,133.9,12,11.16,marketfit-popular-heuristic
csv-col-028-poster-premium-michael-gta-v-colecionavel-para-parede-estudio-e-espaco-geek,"Poster Premium Michael GTA V Colecionavel Para Parede Estudio E Espaco Geek",116.9,137.9,12,11.49,marketfit-popular-heuristic
csv-col-029-mini-estatua-colecionavel-spider-man-marvel-edicao-decor-para-estante-mesa-e-setup,"Mini Estatua Colecionavel Spider MAN Marvel Edicao Decor Para Estante Mesa E Setup",94.9,111.9,12,9.33,marketfit-popular-heuristic
csv-col-030-caneca-colecionavel-iron-man-marvel-nerd-premium-para-cafe-desk-e-presente,"Caneca Colecionavel Iron MAN Marvel Nerd Premium Para Cafe Desk E Presente",110.9,130.9,12,10.91,marketfit-popular-heuristic
csv-col-031-mousepad-colecionavel-deadpool-marvel-desk-mat-gamer-para-setup-profissional,"Mousepad Colecionavel Deadpool Marvel Desk MAT Gamer Para Setup Profissional",112.9,133.9,12,11.16,marketfit-popular-heuristic
csv-col-032-poster-premium-groot-marvel-colecionavel-para-parede-estudio-e-espaco-geek,"Poster Premium Groot Marvel Colecionavel Para Parede Estudio E Espaco Geek",116.9,137.9,12,11.49,marketfit-popular-heuristic
csv-col-033-mini-estatua-colecionavel-darth-vader-star-wars-edicao-decor-para-estante-mesa-e-setup,"Mini Estatua Colecionavel Darth Vader Star Wars Edicao Decor Para Estante Mesa E Setup",94.9,111.9,12,9.33,marketfit-popular-heuristic
csv-col-034-caneca-colecionavel-stormtrooper-star-wars-nerd-premium-para-cafe-desk-e-presente,"Caneca Colecionavel Stormtrooper Star Wars Nerd Premium Para Cafe Desk E Presente",110.9,130.9,12,10.91,marketfit-popular-heuristic
csv-col-035-mousepad-colecionavel-mandalorian-star-wars-desk-mat-gamer-para-setup-profissional,"Mousepad Colecionavel Mandalorian Star Wars Desk MAT Gamer Para Setup Profissional",112.9,133.9,12,11.16,marketfit-popular-heuristic
csv-col-036-poster-premium-grogu-star-wars-colecionavel-para-parede-estudio-e-espaco-geek,"Poster Premium Grogu Star Wars Colecionavel Para Parede Estudio E Espaco Geek",116.9,137.9,12,11.49,marketfit-popular-heuristic
csv-col-037-mini-estatua-colecionavel-pikachu-pokemon-edicao-decor-para-estante-mesa-e-setup,"Mini Estatua Colecionavel Pikachu Pokemon Edicao Decor Para Estante Mesa E Setup",92.9,109.9,12,9.16,marketfit-popular-heuristic
csv-col-038-caneca-colecionavel-charmander-pokemon-nerd-premium-para-cafe-desk-e-presente,"Caneca Colecionavel Charmander Pokemon Nerd Premium Para Cafe Desk E Presente",108.9,128.9,12,10.74,marketfit-popular-heuristic
csv-col-039-mousepad-colecionavel-gengar-pokemon-desk-mat-gamer-para-setup-profissional,"Mousepad Colecionavel Gengar Pokemon Desk MAT Gamer Para Setup Profissional",110.9,130.9,12,10.91,marketfit-popular-heuristic
csv-col-040-poster-premium-eevee-pokemon-colecionavel-para-parede-estudio-e-espaco-geek,"Poster Premium Eevee Pokemon Colecionavel Para Parede Estudio E Espaco Geek",114.9,135.9,12,11.33,marketfit-popular-heuristic
csv-dec-001-luminaria-decorativa-jett-valorant-led-para-quarto-gamer-mesa-e-setup-nerd,"Luminaria Decorativa Jett Valorant LED Para Quarto Gamer Mesa E Setup Nerd",105.9,124.9,12,10.41,marketfit-popular-heuristic
csv-dec-002-quadro-decorativo-reyna-valorant-premium-para-parede-de-quarto-gamer-e-home-office,"Quadro Decorativo Reyna Valorant Premium Para Parede DE Quarto Gamer E Home Office",103.9,122.9,12,10.24,marketfit-popular-heuristic
csv-dec-003-almofada-decorativa-sage-valorant-para-sofa-cama-e-espaco-geek,"Almofada Decorativa Sage Valorant Para Sofa Cama E Espaco Geek",89.9,106.9,12,8.91,marketfit-popular-heuristic
csv-dec-004-placa-decorativa-omen-valorant-estilo-geek-para-porta-parede-e-setup,"Placa Decorativa Omen Valorant Estilo Geek Para Porta Parede E Setup",87.9,103.9,12,8.66,marketfit-popular-heuristic
csv-dec-005-luminaria-decorativa-ahri-league-of-legends-led-para-quarto-gamer-mesa-e-setup-nerd,"Luminaria Decorativa Ahri League OF Legends LED Para Quarto Gamer Mesa E Setup Nerd",105.9,124.9,12,10.41,marketfit-popular-heuristic
csv-dec-006-quadro-decorativo-yasuo-league-of-legends-premium-para-parede-de-quarto-gamer-e-home-office,"Quadro Decorativo Yasuo League OF Legends Premium Para Parede DE Quarto Gamer E Home Office",103.9,122.9,12,10.24,marketfit-popular-heuristic
csv-dec-007-almofada-decorativa-jinx-league-of-legends-para-sofa-cama-e-espaco-geek,"Almofada Decorativa Jinx League OF Legends Para Sofa Cama E Espaco Geek",89.9,106.9,12,8.91,marketfit-popular-heuristic
csv-dec-008-placa-decorativa-lux-league-of-legends-estilo-geek-para-porta-parede-e-setup,"Placa Decorativa LUX League OF Legends Estilo Geek Para Porta Parede E Setup",87.9,103.9,12,8.66,marketfit-popular-heuristic
csv-dec-009-luminaria-decorativa-ghost-call-of-duty-led-para-quarto-gamer-mesa-e-setup-nerd,"Luminaria Decorativa Ghost Call OF Duty LED Para Quarto Gamer Mesa E Setup Nerd",97.9,115.9,12,9.66,marketfit-popular-heuristic
csv-dec-010-quadro-decorativo-soap-call-of-duty-premium-para-parede-de-quarto-gamer-e-home-office,"Quadro Decorativo Soap Call OF Duty Premium Para Parede DE Quarto Gamer E Home Office",95.9,113.9,12,9.49,marketfit-popular-heuristic
csv-dec-011-almofada-decorativa-task-force-call-of-duty-para-sofa-cama-e-espaco-geek,"Almofada Decorativa Task Force Call OF Duty Para Sofa Cama E Espaco Geek",81.9,96.9,12,8.08,marketfit-popular-heuristic
csv-dec-012-placa-decorativa-warzone-call-of-duty-estilo-geek-para-porta-parede-e-setup,"Placa Decorativa Warzone Call OF Duty Estilo Geek Para Porta Parede E Setup",79.9,94.9,12,7.91,marketfit-popular-heuristic
csv-dec-013-luminaria-decorativa-creeper-minecraft-led-para-quarto-gamer-mesa-e-setup-nerd,"Luminaria Decorativa Creeper Minecraft LED Para Quarto Gamer Mesa E Setup Nerd",103.9,122.9,12,10.24,marketfit-popular-heuristic
csv-dec-014-quadro-decorativo-steve-minecraft-premium-para-parede-de-quarto-gamer-e-home-office,"Quadro Decorativo Steve Minecraft Premium Para Parede DE Quarto Gamer E Home Office",101.9,120.9,12,10.08,marketfit-popular-heuristic
csv-dec-015-almofada-decorativa-alex-minecraft-para-sofa-cama-e-espaco-geek,"Almofada Decorativa Alex Minecraft Para Sofa Cama E Espaco Geek",87.9,103.9,12,8.66,marketfit-popular-heuristic
csv-dec-016-placa-decorativa-enderman-minecraft-estilo-geek-para-porta-parede-e-setup,"Placa Decorativa Enderman Minecraft Estilo Geek Para Porta Parede E Setup",85.9,101.9,12,8.49,marketfit-popular-heuristic
csv-dec-017-luminaria-decorativa-lhama-fortnite-led-para-quarto-gamer-mesa-e-setup-nerd,"Luminaria Decorativa Lhama Fortnite LED Para Quarto Gamer Mesa E Setup Nerd",105.9,124.9,12,10.41,marketfit-popular-heuristic
csv-dec-018-quadro-decorativo-battle-royale-fortnite-premium-para-parede-de-quarto-gamer-e-home-office,"Quadro Decorativo Battle Royale Fortnite Premium Para Parede DE Quarto Gamer E Home Office",103.9,122.9,12,10.24,marketfit-popular-heuristic
csv-dec-019-almofada-decorativa-victory-crown-fortnite-para-sofa-cama-e-espaco-geek,"Almofada Decorativa Victory Crown Fortnite Para Sofa Cama E Espaco Geek",89.9,106.9,12,8.91,marketfit-popular-heuristic
csv-dec-020-placa-decorativa-peely-fortnite-estilo-geek-para-porta-parede-e-setup,"Placa Decorativa Peely Fortnite Estilo Geek Para Porta Parede E Setup",87.9,103.9,12,8.66,marketfit-popular-heuristic
csv-dec-021-luminaria-decorativa-awp-cs2-led-para-quarto-gamer-mesa-e-setup-nerd,"Luminaria Decorativa AWP CS2 LED Para Quarto Gamer Mesa E Setup Nerd",105.9,124.9,12,10.41,marketfit-popular-heuristic
csv-dec-022-quadro-decorativo-ak-47-cs2-premium-para-parede-de-quarto-gamer-e-home-office,"Quadro Decorativo AK 47 CS2 Premium Para Parede DE Quarto Gamer E Home Office",103.9,122.9,12,10.24,marketfit-popular-heuristic
csv-dec-023-almofada-decorativa-knife-cs2-para-sofa-cama-e-espaco-geek,"Almofada Decorativa Knife CS2 Para Sofa Cama E Espaco Geek",89.9,106.9,12,8.91,marketfit-popular-heuristic
csv-dec-024-placa-decorativa-defuse-cs2-estilo-geek-para-porta-parede-e-setup,"Placa Decorativa Defuse CS2 Estilo Geek Para Porta Parede E Setup",87.9,103.9,12,8.66,marketfit-popular-heuristic
csv-dec-025-luminaria-decorativa-los-santos-gta-v-led-para-quarto-gamer-mesa-e-setup-nerd,"Luminaria Decorativa LOS Santos GTA V LED Para Quarto Gamer Mesa E Setup Nerd",105.9,124.9,12,10.41,marketfit-popular-heuristic
csv-dec-026-quadro-decorativo-franklin-gta-v-premium-para-parede-de-quarto-gamer-e-home-office,"Quadro Decorativo Franklin GTA V Premium Para Parede DE Quarto Gamer E Home Office",103.9,122.9,12,10.24,marketfit-popular-heuristic
csv-dec-027-almofada-decorativa-trevor-gta-v-para-sofa-cama-e-espaco-geek,"Almofada Decorativa Trevor GTA V Para Sofa Cama E Espaco Geek",89.9,106.9,12,8.91,marketfit-popular-heuristic
csv-dec-028-placa-decorativa-michael-gta-v-estilo-geek-para-porta-parede-e-setup,"Placa Decorativa Michael GTA V Estilo Geek Para Porta Parede E Setup",87.9,103.9,12,8.66,marketfit-popular-heuristic
csv-dec-029-luminaria-decorativa-spider-man-marvel-led-para-quarto-gamer-mesa-e-setup-nerd,"Luminaria Decorativa Spider MAN Marvel LED Para Quarto Gamer Mesa E Setup Nerd",105.9,124.9,12,10.41,marketfit-popular-heuristic
csv-dec-030-quadro-decorativo-iron-man-marvel-premium-para-parede-de-quarto-gamer-e-home-office,"Quadro Decorativo Iron MAN Marvel Premium Para Parede DE Quarto Gamer E Home Office",103.9,122.9,12,10.24,marketfit-popular-heuristic
csv-dec-031-almofada-decorativa-deadpool-marvel-para-sofa-cama-e-espaco-geek,"Almofada Decorativa Deadpool Marvel Para Sofa Cama E Espaco Geek",89.9,106.9,12,8.91,marketfit-popular-heuristic
csv-dec-032-placa-decorativa-groot-marvel-estilo-geek-para-porta-parede-e-setup,"Placa Decorativa Groot Marvel Estilo Geek Para Porta Parede E Setup",87.9,103.9,12,8.66,marketfit-popular-heuristic
csv-dec-033-luminaria-decorativa-darth-vader-star-wars-led-para-quarto-gamer-mesa-e-setup-nerd,"Luminaria Decorativa Darth Vader Star Wars LED Para Quarto Gamer Mesa E Setup Nerd",105.9,124.9,12,10.41,marketfit-popular-heuristic
csv-dec-034-quadro-decorativo-stormtrooper-star-wars-premium-para-parede-de-quarto-gamer-e-home-office,"Quadro Decorativo Stormtrooper Star Wars Premium Para Parede DE Quarto Gamer E Home Office",103.9,122.9,12,10.24,marketfit-popular-heuristic
csv-dec-035-almofada-decorativa-mandalorian-star-wars-para-sofa-cama-e-espaco-geek,"Almofada Decorativa Mandalorian Star Wars Para Sofa Cama E Espaco Geek",89.9,106.9,12,8.91,marketfit-popular-heuristic
csv-dec-036-placa-decorativa-grogu-star-wars-estilo-geek-para-porta-parede-e-setup,"Placa Decorativa Grogu Star Wars Estilo Geek Para Porta Parede E Setup",87.9,103.9,12,8.66,marketfit-popular-heuristic
csv-dec-037-luminaria-decorativa-pikachu-pokemon-led-para-quarto-gamer-mesa-e-setup-nerd,"Luminaria Decorativa Pikachu Pokemon LED Para Quarto Gamer Mesa E Setup Nerd",103.9,122.9,12,10.24,marketfit-popular-heuristic
csv-dec-038-quadro-decorativo-charmander-pokemon-premium-para-parede-de-quarto-gamer-e-home-office,"Quadro Decorativo Charmander Pokemon Premium Para Parede DE Quarto Gamer E Home Office",101.9,120.9,12,10.08,marketfit-popular-heuristic
csv-dec-039-almofada-decorativa-gengar-pokemon-para-sofa-cama-e-espaco-geek,"Almofada Decorativa Gengar Pokemon Para Sofa Cama E Espaco Geek",87.9,103.9,12,8.66,marketfit-popular-heuristic
csv-dec-040-placa-decorativa-eevee-pokemon-estilo-geek-para-porta-parede-e-setup,"Placa Decorativa Eevee Pokemon Estilo Geek Para Porta Parede E Setup",85.9,101.9,12,8.49,marketfit-popular-heuristic
csv-uti-001-kit-ferramenta-gamer-jett-valorant-organizador-utilitario-para-mesa-cabos-e-setup,"KIT Ferramenta Gamer Jett Valorant Organizador Utilitario Para Mesa Cabos E Setup",94.9,111.9,12,9.33,marketfit-popular-heuristic
csv-uti-002-porta-ferramentas-reyna-valorant-para-mesa-gamer-oficina-criativa-e-home-office,"Porta Ferramentas Reyna Valorant Para Mesa Gamer Oficina Criativa E Home Office",88.9,104.9,12,8.74,marketfit-popular-heuristic
csv-uti-003-suporte-multiuso-sage-valorant-para-headset-controle-cabos-e-acessorios,"Suporte Multiuso Sage Valorant Para Headset Controle Cabos E Acessorios",90.9,107.9,12,8.99,marketfit-popular-heuristic
csv-uti-004-organizador-modular-omen-valorant-para-ferramentas-leves-pecas-e-acessorios-nerd,"Organizador Modular Omen Valorant Para Ferramentas Leves Pecas E Acessorios Nerd",84.9,100.9,12,8.41,marketfit-popular-heuristic
csv-uti-005-kit-ferramenta-gamer-ahri-league-of-legends-organizador-utilitario-para-mesa-cabos-e-setup,"KIT Ferramenta Gamer Ahri League OF Legends Organizador Utilitario Para Mesa Cabos E Setup",94.9,111.9,12,9.33,marketfit-popular-heuristic
csv-uti-006-porta-ferramentas-yasuo-league-of-legends-para-mesa-gamer-oficina-criativa-e-home-office,"Porta Ferramentas Yasuo League OF Legends Para Mesa Gamer Oficina Criativa E Home Office",88.9,104.9,12,8.74,marketfit-popular-heuristic
csv-uti-007-suporte-multiuso-jinx-league-of-legends-para-headset-controle-cabos-e-acessorios,"Suporte Multiuso Jinx League OF Legends Para Headset Controle Cabos E Acessorios",90.9,107.9,12,8.99,marketfit-popular-heuristic
csv-uti-008-organizador-modular-lux-league-of-legends-para-ferramentas-leves-pecas-e-acessorios-nerd,"Organizador Modular LUX League OF Legends Para Ferramentas Leves Pecas E Acessorios Nerd",84.9,100.9,12,8.41,marketfit-popular-heuristic
csv-uti-009-kit-ferramenta-gamer-ghost-call-of-duty-organizador-utilitario-para-mesa-cabos-e-setup,"KIT Ferramenta Gamer Ghost Call OF Duty Organizador Utilitario Para Mesa Cabos E Setup",86.9,102.9,12,8.58,marketfit-popular-heuristic
csv-uti-010-porta-ferramentas-soap-call-of-duty-para-mesa-gamer-oficina-criativa-e-home-office,"Porta Ferramentas Soap Call OF Duty Para Mesa Gamer Oficina Criativa E Home Office",80.9,95.9,12,7.99,marketfit-popular-heuristic
csv-uti-011-suporte-multiuso-task-force-call-of-duty-para-headset-controle-cabos-e-acessorios,"Suporte Multiuso Task Force Call OF Duty Para Headset Controle Cabos E Acessorios",82.9,97.9,12,8.16,marketfit-popular-heuristic
csv-uti-012-organizador-modular-warzone-call-of-duty-para-ferramentas-leves-pecas-e-acessorios-nerd,"Organizador Modular Warzone Call OF Duty Para Ferramentas Leves Pecas E Acessorios Nerd",76.9,90.9,12,7.58,marketfit-popular-heuristic
csv-uti-013-kit-ferramenta-gamer-creeper-minecraft-organizador-utilitario-para-mesa-cabos-e-setup,"KIT Ferramenta Gamer Creeper Minecraft Organizador Utilitario Para Mesa Cabos E Setup",92.9,109.9,12,9.16,marketfit-popular-heuristic
csv-uti-014-porta-ferramentas-steve-minecraft-para-mesa-gamer-oficina-criativa-e-home-office,"Porta Ferramentas Steve Minecraft Para Mesa Gamer Oficina Criativa E Home Office",86.9,102.9,12,8.58,marketfit-popular-heuristic
csv-uti-015-suporte-multiuso-alex-minecraft-para-headset-controle-cabos-e-acessorios,"Suporte Multiuso Alex Minecraft Para Headset Controle Cabos E Acessorios",88.9,104.9,12,8.74,marketfit-popular-heuristic
csv-uti-016-organizador-modular-enderman-minecraft-para-ferramentas-leves-pecas-e-acessorios-nerd,"Organizador Modular Enderman Minecraft Para Ferramentas Leves Pecas E Acessorios Nerd",82.9,97.9,12,8.16,marketfit-popular-heuristic
csv-uti-017-kit-ferramenta-gamer-lhama-fortnite-organizador-utilitario-para-mesa-cabos-e-setup,"KIT Ferramenta Gamer Lhama Fortnite Organizador Utilitario Para Mesa Cabos E Setup",94.9,111.9,12,9.33,marketfit-popular-heuristic
csv-uti-018-porta-ferramentas-battle-royale-fortnite-para-mesa-gamer-oficina-criativa-e-home-office,"Porta Ferramentas Battle Royale Fortnite Para Mesa Gamer Oficina Criativa E Home Office",88.9,104.9,12,8.74,marketfit-popular-heuristic
csv-uti-019-suporte-multiuso-victory-crown-fortnite-para-headset-controle-cabos-e-acessorios,"Suporte Multiuso Victory Crown Fortnite Para Headset Controle Cabos E Acessorios",90.9,107.9,12,8.99,marketfit-popular-heuristic
csv-uti-020-organizador-modular-peely-fortnite-para-ferramentas-leves-pecas-e-acessorios-nerd,"Organizador Modular Peely Fortnite Para Ferramentas Leves Pecas E Acessorios Nerd",84.9,100.9,12,8.41,marketfit-popular-heuristic
csv-uti-021-kit-ferramenta-gamer-awp-cs2-organizador-utilitario-para-mesa-cabos-e-setup,"KIT Ferramenta Gamer AWP CS2 Organizador Utilitario Para Mesa Cabos E Setup",94.9,111.9,12,9.33,marketfit-popular-heuristic
csv-uti-022-porta-ferramentas-ak-47-cs2-para-mesa-gamer-oficina-criativa-e-home-office,"Porta Ferramentas AK 47 CS2 Para Mesa Gamer Oficina Criativa E Home Office",88.9,104.9,12,8.74,marketfit-popular-heuristic
csv-uti-023-suporte-multiuso-knife-cs2-para-headset-controle-cabos-e-acessorios,"Suporte Multiuso Knife CS2 Para Headset Controle Cabos E Acessorios",90.9,107.9,12,8.99,marketfit-popular-heuristic
csv-uti-024-organizador-modular-defuse-cs2-para-ferramentas-leves-pecas-e-acessorios-nerd,"Organizador Modular Defuse CS2 Para Ferramentas Leves Pecas E Acessorios Nerd",84.9,100.9,12,8.41,marketfit-popular-heuristic
csv-uti-025-kit-ferramenta-gamer-los-santos-gta-v-organizador-utilitario-para-mesa-cabos-e-setup,"KIT Ferramenta Gamer LOS Santos GTA V Organizador Utilitario Para Mesa Cabos E Setup",94.9,111.9,12,9.33,marketfit-popular-heuristic
csv-uti-026-porta-ferramentas-franklin-gta-v-para-mesa-gamer-oficina-criativa-e-home-office,"Porta Ferramentas Franklin GTA V Para Mesa Gamer Oficina Criativa E Home Office",88.9,104.9,12,8.74,marketfit-popular-heuristic
csv-uti-027-suporte-multiuso-trevor-gta-v-para-headset-controle-cabos-e-acessorios,"Suporte Multiuso Trevor GTA V Para Headset Controle Cabos E Acessorios",90.9,107.9,12,8.99,marketfit-popular-heuristic
csv-uti-028-organizador-modular-michael-gta-v-para-ferramentas-leves-pecas-e-acessorios-nerd,"Organizador Modular Michael GTA V Para Ferramentas Leves Pecas E Acessorios Nerd",84.9,100.9,12,8.41,marketfit-popular-heuristic
csv-uti-029-kit-ferramenta-gamer-spider-man-marvel-organizador-utilitario-para-mesa-cabos-e-setup,"KIT Ferramenta Gamer Spider MAN Marvel Organizador Utilitario Para Mesa Cabos E Setup",94.9,111.9,12,9.33,marketfit-popular-heuristic
csv-uti-030-porta-ferramentas-iron-man-marvel-para-mesa-gamer-oficina-criativa-e-home-office,"Porta Ferramentas Iron MAN Marvel Para Mesa Gamer Oficina Criativa E Home Office",88.9,104.9,12,8.74,marketfit-popular-heuristic
csv-uti-031-suporte-multiuso-deadpool-marvel-para-headset-controle-cabos-e-acessorios,"Suporte Multiuso Deadpool Marvel Para Headset Controle Cabos E Acessorios",90.9,107.9,12,8.99,marketfit-popular-heuristic
csv-uti-032-organizador-modular-groot-marvel-para-ferramentas-leves-pecas-e-acessorios-nerd,"Organizador Modular Groot Marvel Para Ferramentas Leves Pecas E Acessorios Nerd",84.9,100.9,12,8.41,marketfit-popular-heuristic
csv-uti-033-kit-ferramenta-gamer-darth-vader-star-wars-organizador-utilitario-para-mesa-cabos-e-setup,"KIT Ferramenta Gamer Darth Vader Star Wars Organizador Utilitario Para Mesa Cabos E Setup",94.9,111.9,12,9.33,marketfit-popular-heuristic
csv-uti-034-porta-ferramentas-stormtrooper-star-wars-para-mesa-gamer-oficina-criativa-e-home-office,"Porta Ferramentas Stormtrooper Star Wars Para Mesa Gamer Oficina Criativa E Home Office",88.9,104.9,12,8.74,marketfit-popular-heuristic
csv-uti-035-suporte-multiuso-mandalorian-star-wars-para-headset-controle-cabos-e-acessorios,"Suporte Multiuso Mandalorian Star Wars Para Headset Controle Cabos E Acessorios",90.9,107.9,12,8.99,marketfit-popular-heuristic
csv-uti-036-organizador-modular-grogu-star-wars-para-ferramentas-leves-pecas-e-acessorios-nerd,"Organizador Modular Grogu Star Wars Para Ferramentas Leves Pecas E Acessorios Nerd",84.9,100.9,12,8.41,marketfit-popular-heuristic
csv-uti-037-kit-ferramenta-gamer-pikachu-pokemon-organizador-utilitario-para-mesa-cabos-e-setup,"KIT Ferramenta Gamer Pikachu Pokemon Organizador Utilitario Para Mesa Cabos E Setup",92.9,109.9,12,9.16,marketfit-popular-heuristic
csv-uti-038-porta-ferramentas-charmander-pokemon-para-mesa-gamer-oficina-criativa-e-home-office,"Porta Ferramentas Charmander Pokemon Para Mesa Gamer Oficina Criativa E Home Office",86.9,102.9,12,8.58,marketfit-popular-heuristic
csv-uti-039-suporte-multiuso-gengar-pokemon-para-headset-controle-cabos-e-acessorios,"Suporte Multiuso Gengar Pokemon Para Headset Controle Cabos E Acessorios",88.9,104.9,12,8.74,marketfit-popular-heuristic
csv-uti-040-organizador-modular-eevee-pokemon-para-ferramentas-leves-pecas-e-acessorios-nerd,"Organizador Modular Eevee Pokemon Para Ferramentas Leves Pecas E Acessorios Nerd",82.9,97.9,12,8.16,marketfit-popular-heuristic
mdh-001-hello-kitty-chibi-premium,"Hello Kitty Chibi Premium",79.9,94.9,12,7.91,marketfit-popular-heuristic
mdh-002-mascote-kawaii-desk-buddy,"Mascote Kawaii Desk Buddy",59.9,70.9,12,5.91,marketfit-popular-heuristic
mdh-003-monstro-eletrico-pocket-mini,"Monstro Eletrico Pocket Mini",59.9,70.9,12,5.91,marketfit-popular-heuristic
mdh-004-espia-mirim-chibi,"Espia Mirim Chibi",73.9,87.9,12,7.33,marketfit-popular-heuristic
mdh-005-mascote-serra-articulado,"Mascote Serra Articulado",77.9,91.9,12,7.66,marketfit-popular-heuristic
mdh-006-tripulante-crewmate-neon,"Tripulante Crewmate Neon",59.9,70.9,12,5.91,marketfit-popular-heuristic
mdh-007-esfera-monstro-de-bolso,"Esfera Monstro DE Bolso",59.9,70.9,12,5.91,marketfit-popular-heuristic
mdh-008-pokemon-pikachu-mini,"Pokemon Pikachu Mini",65.9,77.9,12,6.49,marketfit-popular-heuristic
mdh-009-spy-x-family-anya-chibi,"SPY X Family Anya Chibi",73.9,87.9,12,7.33,marketfit-popular-heuristic
mdh-010-chainsaw-man-pochita,"Chainsaw MAN Pochita",59.9,70.9,12,5.91,marketfit-popular-heuristic
mdh-011-minecraft-steve-figurine,"Minecraft Steve Figurine",65.9,77.9,12,6.49,marketfit-popular-heuristic
mdh-012-creeper-minecraft,"Creeper Minecraft",65.9,77.9,12,6.49,marketfit-popular-heuristic
mdh-013-suporte-para-fone-headphone,"Suporte Para Fone Headphone",75.9,89.9,12,7.49,marketfit-popular-heuristic
mdh-014-organizador-de-cabos,"Organizador DE Cabos",71.9,84.9,12,7.08,marketfit-popular-heuristic
mdh-015-suporte-para-celular,"Suporte Para Celular",75.9,89.9,12,7.49,marketfit-popular-heuristic
mdh-016-chaveiro-personalizado,"Chaveiro Personalizado",55.9,65.9,12,5.49,marketfit-popular-heuristic
mdh-017-suporte-para-controle-ps5,"Suporte Para Controle PS5",75.9,89.9,12,7.49,marketfit-popular-heuristic
mdh-018-suporte-para-controle-xbox,"Suporte Para Controle Xbox",75.9,89.9,12,7.49,marketfit-popular-heuristic
mdh-019-porta-copos-geek,"Porta Copos Geek",71.9,84.9,12,7.08,marketfit-popular-heuristic
mdh-020-ima-de-geladeira,"IMA DE Geladeira",59.9,70.9,12,5.91,marketfit-popular-heuristic
mdh-021-suporte-para-mouse,"Suporte Para Mouse",75.9,89.9,12,7.49,marketfit-popular-heuristic
mdh-022-organizador-de-canetas,"Organizador DE Canetas",71.9,84.9,12,7.08,marketfit-popular-heuristic
mdh-023-suporte-para-teclado,"Suporte Para Teclado",75.9,89.9,12,7.49,marketfit-popular-heuristic
mdh-024-gancho-para-parede,"Gancho Para Parede",59.9,70.9,12,5.91,marketfit-popular-heuristic
mdh-025-vaso-geometrico,"Vaso Geometrico",59.9,70.9,12,5.91,marketfit-popular-heuristic
mdh-026-pokebola,"Pokebola",59.9,70.9,12,5.91,marketfit-popular-heuristic
mdh-027-busto-colecionavel-anime,"Busto Colecionavel Anime",71.9,84.9,12,7.08,marketfit-popular-heuristic
mdh-028-luminaria-led-personalizada,"Luminaria LED Personalizada",87.9,103.9,12,8.66,marketfit-popular-heuristic
mdh-029-foto-litofania,"Foto Litofania",87.9,103.9,12,8.66,marketfit-popular-heuristic
mdh-030-quadro-decorativo,"Quadro Decorativo",79.9,94.9,12,7.91,marketfit-popular-heuristic
mdh-031-escultura-abstrata,"Escultura Abstrata",59.9,70.9,12,5.91,marketfit-popular-heuristic
mdh-032-porta-velhas,"Porta Velhas",59.9,70.9,12,5.91,marketfit-popular-heuristic
mdh-033-relogio-de-parede,"Relogio DE Parede",93.9,110.9,12,9.24,marketfit-popular-heuristic
mdh-034-jarro-decorativo,"Jarro Decorativo",59.9,70.9,12,5.91,marketfit-popular-heuristic
mdh-035-prateleira-suspensa,"Prateleira Suspensa",83.9,99.9,12,8.33,marketfit-popular-heuristic
mdh-036-espelho-decorativo,"Espelho Decorativo",77.9,91.9,12,7.66,marketfit-popular-heuristic
mdh-037-chaveiro-nome-dupla-face,"Chaveiro Nome Dupla Face",49.9,58.9,12,4.91,marketfit-popular-heuristic
mdh-038-nome-3d-personalizado,"Nome 3D Personalizado",85.9,101.9,12,8.49,marketfit-popular-heuristic
mdh-039-caixa-de-musica,"Caixa DE Musica",95.9,113.9,12,9.49,marketfit-popular-heuristic
mdh-040-porta-retrato-personalizado,"Porta Retrato Personalizado",79.9,94.9,12,7.91,marketfit-popular-heuristic
mdh-041-aniversario-3d,"Aniversario 3D",77.9,91.9,12,7.66,marketfit-popular-heuristic
mdh-042-mensagem-em-3d,"Mensagem EM 3D",59.9,70.9,12,5.91,marketfit-popular-heuristic
mdh-043-mini-trofeu-personalizado,"Mini Trofeu Personalizado",79.9,94.9,12,7.91,marketfit-popular-heuristic
mdh-044-marcador-de-pagina-3d,"Marcador DE Pagina 3D",53.9,63.9,12,5.33,marketfit-popular-heuristic
mdh-045-abracadeira-personalizada,"Abracadeira Personalizada",57.9,68.9,12,5.74,marketfit-popular-heuristic
mdh-046-pingente-personalizado,"Pingente Personalizado",55.9,65.9,12,5.49,marketfit-popular-heuristic
mdh-047-calendario-3d,"Calendario 3D",87.9,103.9,12,8.66,marketfit-popular-heuristic
mdh-048-copo-personalizado,"Copo Personalizado",71.9,84.9,12,7.08,marketfit-popular-heuristic
mdh-049-suporte-para-monitor,"Suporte Para Monitor",75.9,89.9,12,7.49,marketfit-popular-heuristic
mdh-050-organizador-de-cabo-usb,"Organizador DE Cabo USB",71.9,84.9,12,7.08,marketfit-popular-heuristic
mdh-051-gancho-para-chaves,"Gancho Para Chaves",59.9,70.9,12,5.91,marketfit-popular-heuristic
mdh-052-suporte-para-livros,"Suporte Para Livros",75.9,89.9,12,7.49,marketfit-popular-heuristic
mdh-053-caixa-organizadora,"Caixa Organizadora",71.9,84.9,12,7.08,marketfit-popular-heuristic
mdh-054-suporte-para-plantas,"Suporte Para Plantas",75.9,89.9,12,7.49,marketfit-popular-heuristic
mdh-055-prateleira-flutuante,"Prateleira Flutuante",83.9,99.9,12,8.33,marketfit-popular-heuristic
mdh-056-suporte-para-bicicleta,"Suporte Para Bicicleta",123.9,146.9,12,12.24,marketfit-popular-heuristic
mdh-057-organizador-de-maquiagem,"Organizador DE Maquiagem",71.9,84.9,12,7.08,marketfit-popular-heuristic
mdh-058-suporte-para-tablet,"Suporte Para Tablet",75.9,89.9,12,7.49,marketfit-popular-heuristic
mdh-059-caixa-para-joias,"Caixa Para Joias",87.9,103.9,12,8.66,marketfit-popular-heuristic
mdh-060-suporte-para-garrafa,"Suporte Para Garrafa",75.9,89.9,12,7.49,marketfit-popular-heuristic
mdh-061-naruto-uzumaki-chibi,"Naruto Uzumaki Chibi",73.9,87.9,12,7.33,marketfit-popular-heuristic
mdh-062-sasuke-uchiha-chibi,"Sasuke Uchiha Chibi",73.9,87.9,12,7.33,marketfit-popular-heuristic
mdh-063-goku-dragon-ball-chibi,"Goku Dragon Ball Chibi",73.9,87.9,12,7.33,marketfit-popular-heuristic
mdh-064-luffy-one-piece-chibi,"Luffy ONE Piece Chibi",73.9,87.9,12,7.33,marketfit-popular-heuristic
mdh-065-elsa-frozen-chibi,"Elsa Frozen Chibi",73.9,87.9,12,7.33,marketfit-popular-heuristic
mdh-066-totoro-my-neighbor-chibi,"Totoro MY Neighbor Chibi",73.9,87.9,12,7.33,marketfit-popular-heuristic
mdh-067-pikachu-pokemon-chibi,"Pikachu Pokemon Chibi",79.9,94.9,12,7.91,marketfit-popular-heuristic
mdh-068-kirby-nintendo-chibi,"Kirby Nintendo Chibi",73.9,87.9,12,7.33,marketfit-popular-heuristic
mdh-069-mario-nintendo-chibi,"Mario Nintendo Chibi",73.9,87.9,12,7.33,marketfit-popular-heuristic
mdh-070-sonic-hedgehog-chibi,"Sonic Hedgehog Chibi",73.9,87.9,12,7.33,marketfit-popular-heuristic
mdh-071-polvo-oceano-articulado,"Polvo Oceano Articulado",95.9,113.9,12,9.49,marketfit-popular-heuristic
mdh-072-tubarao-oceano-mini,"Tubarao Oceano Mini",73.9,87.9,12,7.33,marketfit-popular-heuristic
mdh-073-dragao-oriental-articulado,"Dragao Oriental Articulado",99.9,117.9,12,9.83,marketfit-popular-heuristic
mdh-074-dragao-europeu-mini,"Dragao Europeu Mini",81.9,96.9,12,8.08,marketfit-popular-heuristic
mdh-075-coruja-floresta-articulada,"Coruja Floresta Articulada",77.9,91.9,12,7.66,marketfit-popular-heuristic
mdh-076-foguete-espacial-mini,"Foguete Espacial Mini",73.9,87.9,12,7.33,marketfit-popular-heuristic
mdh-077-cavaleiro-medieval-mini,"Cavaleiro Medieval Mini",79.9,94.9,12,7.91,marketfit-popular-heuristic
mdh-078-robo-transformador-box,"Robo Transformador BOX",83.9,99.9,12,8.33,marketfit-popular-heuristic
real-001-grinder-3-partes-premium,"Partes Premium",85.9,101.9,12,8.49,marketfit-popular-heuristic
real-002-porta-creme-dental-de-bancada,"Porta Creme Dental DE Bancada",79.9,94.9,12,7.91,marketfit-popular-heuristic
real-003-demogorgon-decorativo-premium,"Demogorgon Decorativo Premium",85.9,101.9,12,8.49,marketfit-popular-heuristic
real-004-hello-kitty-jedi-colecionavel,"Hello Kitty Jedi Colecionavel",91.9,108.9,12,9.08,marketfit-popular-heuristic
real-005-stencil-rick-and-morty-decorativo,"Stencil Rick AND Morty Decorativo",79.9,94.9,12,7.91,marketfit-popular-heuristic
real-006-familia-customizada-em-miniatura,"Familia Customizada EM Miniatura",79.9,94.9,12,7.91,marketfit-popular-heuristic
real-007-boneca-infantil-personalizada,"Boneca Infantil Personalizada",79.9,94.9,12,7.91,marketfit-popular-heuristic
real-008-case-de-isqueiro-caveira,"Case DE Isqueiro Caveira",79.9,94.9,12,7.91,marketfit-popular-heuristic
real-009-homer-pikachu-mashup-colecionavel,"Homer Pikachu Mashup Colecionavel",91.9,108.9,12,9.08,marketfit-popular-heuristic
real-010-medalha-maconica-personalizada,"Medalha Maconica Personalizada",79.9,94.9,12,7.91,marketfit-popular-heuristic
