Identificador URL;Nome;Categorias;Nome da variação 1;Valor da variação 1;Nome da variação 2;Valor da variação 2;Nome da variação 3;Valor da variação 3;Preço;Preço promocional;Peso (kg);Altura (cm);Largura (cm);Comprimento (cm);Estoque;SKU;Código de barras;Exibir na loja;Frete gratis;Descrição;Tags;Título para SEO;Descrição para SEO;Marca;Produto Físico;MPN (Cód. Exclusivo Modelo Fabricante);Sexo;Faixa etária;Custo
chaveiro-personalizado;Chaveiro Personalizado;Chaveiros e Acessórios;Material;PLA Premium;Cor;Sob consulta;Prazo;24h a 48h;7.49;;;;;;10;MDH3D-0001;;SIM;NÃO;<p><strong>Chaveiro Personalizado</strong> produzido pela MDH3D em impressão 3D, com produção local no Rio de Janeiro.</p><p>Produto da categoria <strong>Chaveiros e Acessórios</strong>, feito em PLA Premium com acabamento premium. Indicado para presente, organização, decoração, setup ou uso funcional, conforme o modelo.</p><p><strong>Prazo de produção:</strong> 24h a 48h. <strong>Personalização:</strong> Sim. Confirme cor, escala, acabamento e urgência pelo WhatsApp antes de fechar pedidos personalizados.</p><p>Produto físico sob encomenda. Frete e prazo final são confirmados no checkout ou no atendimento da MDH3D.</p>;MDH3D, impressão 3D, PLA Premium, produção local RJ, chaveiro,personalizado,presente,brinde,entrada;Chaveiro Personalizado | Impressão 3D MDH3D;Chaveiro Personalizado em impressão 3D pela MDH3D. Produto físico sob encomenda em Chaveiros e Acessórios, com produção local no RJ e prazo de 24h a 48h.;MDH3D;SIM;MDH3D-0001;;;
tag-para-pet-compacto-para-rotina-do-pet;Tag para Pet Compacto para rotina do pet;Chaveiros e Acessórios;Material;PLA Premium;Cor;Sob consulta;Prazo;3 a 5 dias;5.66;;;;;;10;MDH3D-0002;;SIM;NÃO;<p><strong>Tag para Pet Compacto para rotina do pet</strong> produzido pela MDH3D em impressão 3D, com produção local no Rio de Janeiro.</p><p>Produto da categoria <strong>Chaveiros e Acessórios</strong>, feito em PLA Premium com acabamento premium. Indicado para presente, organização, decoração, setup ou uso funcional, conforme o modelo.</p><p><strong>Prazo de produção:</strong> 3 a 5 dias. <strong>Personalização:</strong> Consultar. Confirme cor, escala, acabamento e urgência pelo WhatsApp antes de fechar pedidos personalizados.</p><p>Produto físico sob encomenda. Frete e prazo final são confirmados no checkout ou no atendimento da MDH3D.</p>;MDH3D, impressão 3D, PLA Premium, produção local RJ, pet,identificacao,chaveiro,brinde;Tag para Pet Compacto para rotina do pet | Impressão 3D MDH3D;Tag para Pet Compacto para rotina do pet em impressão 3D pela MDH3D. Produto físico sob encomenda em Chaveiros e Acessórios, com produção local no RJ e prazo de 3 a 5 dias.;MDH3D;SIM;MDH3D-0002;;;
suporte-para-celular;Suporte para Celular;Setup Gamer e Home Office;Material;PLA Premium;Cor;Sob consulta;Prazo;24h a 48h;7.49;;;;;;10;MDH3D-0003;;SIM;NÃO;<p><strong>Suporte para Celular</strong> produzido pela MDH3D em impressão 3D, com produção local no Rio de Janeiro.</p><p>Produto da categoria <strong>Setup Gamer e Home Office</strong>, feito em PLA Premium com acabamento premium. Indicado para presente, organização, decoração, setup ou uso funcional, conforme o modelo.</p><p><strong>Prazo de produção:</strong> 24h a 48h. <strong>Personalização:</strong> Sim. Confirme cor, escala, acabamento e urgência pelo WhatsApp antes de fechar pedidos personalizados.</p><p>Produto físico sob encomenda. Frete e prazo final são confirmados no checkout ou no atendimento da MDH3D.</p>;MDH3D, impressão 3D, PLA Premium, produção local RJ, setup,celular,mesa,organizador;Suporte para Celular | Impressão 3D MDH3D;Suporte para Celular em impressão 3D pela MDH3D. Produto físico sob encomenda em Setup Gamer e Home Office, com produção local no RJ e prazo de 24h a 48h.;MDH3D;SIM;MDH3D-0003;;;
organizador-de-cabo-usb;Organizador de Cabo USB;Setup Gamer e Home Office;Material;PLA Premium;Cor;Sob consulta;Prazo;24h a 48h;7.49;;;;;;10;MDH3D-0004;;SIM;NÃO;<p><strong>Organizador de Cabo USB</strong> produzido pela MDH3D em impressão 3D, com produção local no Rio de Janeiro.</p><p>Produto da categoria <strong>Setup Gamer e Home Office</strong>, feito em PLA Premium com acabamento premium. Indicado para presente, organização, decoração, setup ou uso funcional, conforme o modelo.</p><p><strong>Prazo de produção:</strong> 24h a 48h. <strong>Personalização:</strong> Consultar. Confirme cor, escala, acabamento e urgência pelo WhatsApp antes de fechar pedidos personalizados.</p><p>Produto físico sob encomenda. Frete e prazo final são confirmados no checkout ou no atendimento da MDH3D.</p>;MDH3D, impressão 3D, PLA Premium, produção local RJ, cabos,usb,setup,organizacao;Organizador de Cabo USB | Impressão 3D MDH3D;Organizador de Cabo USB em impressão 3D pela MDH3D. Produto físico sob encomenda em Setup Gamer e Home Office, com produção local no RJ e prazo de 24h a 48h.;MDH3D;SIM;MDH3D-0004;;;
porta-creme-dental-de-bancada;Porta Creme Dental de Bancada;Casa e Organização;Material;PLA Premium;Cor;Sob consulta;Prazo;2 a 4 dias;9.32;;;;;;10;MDH3D-0005;;SIM;NÃO;<p><strong>Porta Creme Dental de Bancada</strong> produzido pela MDH3D em impressão 3D, com produção local no Rio de Janeiro.</p><p>Produto da categoria <strong>Casa e Organização</strong>, feito em PLA Premium com acabamento premium. Indicado para presente, organização, decoração, setup ou uso funcional, conforme o modelo.</p><p><strong>Prazo de produção:</strong> 2 a 4 dias. <strong>Personalização:</strong> Sim. Confirme cor, escala, acabamento e urgência pelo WhatsApp antes de fechar pedidos personalizados.</p><p>Produto físico sob encomenda. Frete e prazo final são confirmados no checkout ou no atendimento da MDH3D.</p>;MDH3D, impressão 3D, PLA Premium, produção local RJ, banheiro,bancada,organizador,casa;Porta Creme Dental de Bancada | Impressão 3D MDH3D;Porta Creme Dental de Bancada em impressão 3D pela MDH3D. Produto físico sob encomenda em Casa e Organização, com produção local no RJ e prazo de 2 a 4 dias.;MDH3D;SIM;MDH3D-0005;;;
caneca-colecionavel-reyna-valorant-nerd-premium-para-cafe-desk-e-presente;Caneca Colecionável Reyna Valorant Nerd Premium para Café, Desk e Presente;Geek & Colecionáveis;Material;PLA Premium;Cor;Sob consulta;Prazo;3 a 7 dias;38.72;;;;;;10;MDH3D-0006;;SIM;NÃO;"<p><strong>Caneca Colecionável Reyna Valorant Nerd Premium para Café, Desk e Presente</strong> produzido pela MDH3D em impressão 3D, com produção local no Rio de Janeiro.</p><p>Produto da categoria <strong>Geek &amp; Colecionáveis</strong>, feito em PLA Premium com acabamento premium. Indicado para presente, organização, decoração, setup ou uso funcional, conforme o modelo.</p><p><strong>Prazo de produção:</strong> 3 a 7 dias. <strong>Personalização:</strong> Sim. Confirme cor, escala, acabamento e urgência pelo WhatsApp antes de fechar pedidos personalizados.</p><p>Produto físico sob encomenda. Frete e prazo final são confirmados no checkout ou no atendimento da MDH3D.</p>";MDH3D, impressão 3D, PLA Premium, produção local RJ, geek,cafe,presente,colecionavel;Caneca Colecionável Reyna Valorant Nerd Premium para Café, Desk e Presente | Impressão 3D MDH3D;Caneca Colecionável Reyna Valorant Nerd Premium para Café, Desk e Presente em impressão 3D pela MDH3D. Produto físico sob encomenda em Geek & Colecionáveis, com produção local no RJ e prazo de 3 a 7 dias.;MDH3D;SIM;MDH3D-0006;;;
suporte-para-controle-ps5;Suporte para Controle PS5;Setup Gamer e Home Office;Material;PLA Premium;Cor;Sob consulta;Prazo;3 a 5 dias;10.25;;0.060;6;8;12;10;MDH-0017;;SIM;NÃO;<p><strong>Suporte para Controle PS5</strong> produzido pela MDH3D em impressão 3D, com produção local no Rio de Janeiro.</p><p>Produto da categoria <strong>Setup Gamer e Home Office</strong>, feito em PLA Premium com acabamento premium. Indicado para presente, organização, decoração, setup ou uso funcional, conforme o modelo.</p><p><strong>Prazo de produção:</strong> 3 a 5 dias. <strong>Personalização:</strong> Consultar. Confirme cor, escala, acabamento e urgência pelo WhatsApp antes de fechar pedidos personalizados.</p><p>Produto físico sob encomenda. Frete e prazo final são confirmados no checkout ou no atendimento da MDH3D.</p>;MDH3D, impressão 3D, PLA Premium, produção local RJ, ps5,controle,setup,gamer,suporte;Suporte para Controle PS5 | Impressão 3D MDH3D;Suporte para Controle PS5 em impressão 3D pela MDH3D. Produto físico sob encomenda em Setup Gamer e Home Office, com produção local no RJ e prazo de 3 a 5 dias.;MDH3D;SIM;MDH-0017;;;
porta-copos-geek;Porta-Copos Geek;Setup Gamer e Home Office;Material;PLA Premium;Cor;Sob consulta;Prazo;24h a 48h;7.49;;;;;;10;MDH3D-0008;;SIM;NÃO;<p><strong>Porta-Copos Geek</strong> produzido pela MDH3D em impressão 3D, com produção local no Rio de Janeiro.</p><p>Produto da categoria <strong>Setup Gamer e Home Office</strong>, feito em PLA Premium com acabamento premium. Indicado para presente, organização, decoração, setup ou uso funcional, conforme o modelo.</p><p><strong>Prazo de produção:</strong> 24h a 48h. <strong>Personalização:</strong> Sim. Confirme cor, escala, acabamento e urgência pelo WhatsApp antes de fechar pedidos personalizados.</p><p>Produto físico sob encomenda. Frete e prazo final são confirmados no checkout ou no atendimento da MDH3D.</p>;MDH3D, impressão 3D, PLA Premium, produção local RJ, porta-copos,geek,setup,presente;Porta-Copos Geek | Impressão 3D MDH3D;Porta-Copos Geek em impressão 3D pela MDH3D. Produto físico sob encomenda em Setup Gamer e Home Office, com produção local no RJ e prazo de 24h a 48h.;MDH3D;SIM;MDH3D-0008;;;
familia-customizada-em-miniatura;Família Customizada em Miniatura;Presentes Personalizados;Material;PLA Premium;Cor;Sob consulta;Prazo;5 a 10 dias;24.03;;;;;;10;MDH3D-0009;;SIM;NÃO;<p><strong>Família Customizada em Miniatura</strong> produzido pela MDH3D em impressão 3D, com produção local no Rio de Janeiro.</p><p>Produto da categoria <strong>Presentes Personalizados</strong>, feito em PLA Premium com acabamento pintado à mão. Indicado para presente, organização, decoração, setup ou uso funcional, conforme o modelo.</p><p><strong>Prazo de produção:</strong> 5 a 10 dias. <strong>Personalização:</strong> Sim. Confirme cor, escala, acabamento e urgência pelo WhatsApp antes de fechar pedidos personalizados.</p><p>Produto físico sob encomenda. Frete e prazo final são confirmados no checkout ou no atendimento da MDH3D.</p>;MDH3D, impressão 3D, PLA Premium, produção local RJ, familia,miniatura,personalizado,presente;Família Customizada em Miniatura | Impressão 3D MDH3D;Família Customizada em Miniatura em impressão 3D pela MDH3D. Produto físico sob encomenda em Presentes Personalizados, com produção local no RJ e prazo de 5 a 10 dias.;MDH3D;SIM;MDH3D-0009;;;
mini-presente-personalizavel-slim-para-kit-promocional;Mini Presente Personalizável Slim para kit promocional;Lotes e Brindes Corporativos;Material;PLA Premium;Cor;Sob consulta;Prazo;3 a 5 dias;6.58;;;;;;10;MDH3D-0010;;SIM;NÃO;<p><strong>Mini Presente Personalizável Slim para kit promocional</strong> produzido pela MDH3D em impressão 3D, com produção local no Rio de Janeiro.</p><p>Produto da categoria <strong>Lotes e Brindes Corporativos</strong>, feito em PLA Premium com acabamento premium. Indicado para presente, organização, decoração, setup ou uso funcional, conforme o modelo.</p><p><strong>Prazo de produção:</strong> 3 a 5 dias. <strong>Personalização:</strong> Consultar. Confirme cor, escala, acabamento e urgência pelo WhatsApp antes de fechar pedidos personalizados.</p><p>Produto físico sob encomenda. Frete e prazo final são confirmados no checkout ou no atendimento da MDH3D.</p>;MDH3D, impressão 3D, PLA Premium, produção local RJ, brinde,lote,eventos,personalizavel;Mini Presente Personalizável Slim para kit promocional | Impressão 3D MDH3D;Mini Presente Personalizável Slim para kit promocional em impressão 3D pela MDH3D. Produto físico sob encomenda em Lotes e Brindes Corporativos, com produção local no RJ e prazo de 3 a 5 dias.;MDH3D;SIM;MDH3D-0010;;;
guia-de-cabo-tecnico-com-clipe-para-bancada-maker;Guia de Cabo Técnico com Clipe para bancada maker;Peças Técnicas e Sob Medida;Material;PLA Premium;Cor;Sob consulta;Prazo;3 a 5 dias;14.84;;;;;;10;MDH3D-0011;;SIM;NÃO;<p><strong>Guia de Cabo Técnico com Clipe para bancada maker</strong> produzido pela MDH3D em impressão 3D, com produção local no Rio de Janeiro.</p><p>Produto da categoria <strong>Peças Técnicas e Sob Medida</strong>, feito em PLA Premium com acabamento técnico. Indicado para presente, organização, decoração, setup ou uso funcional, conforme o modelo.</p><p><strong>Prazo de produção:</strong> 3 a 5 dias. <strong>Personalização:</strong> Consultar. Confirme cor, escala, acabamento e urgência pelo WhatsApp antes de fechar pedidos personalizados.</p><p>Produto físico sob encomenda. Frete e prazo final são confirmados no checkout ou no atendimento da MDH3D.</p>;MDH3D, impressão 3D, PLA Premium, produção local RJ, cabo,tecnico,maker,oficina;Guia de Cabo Técnico com Clipe para bancada maker | Impressão 3D MDH3D;Guia de Cabo Técnico com Clipe para bancada maker em impressão 3D pela MDH3D. Produto físico sob encomenda em Peças Técnicas e Sob Medida, com produção local no RJ e prazo de 3 a 5 dias.;MDH3D;SIM;MDH3D-0011;;;
organizador-de-canetas;Organizador de Canetas;Setup Gamer e Home Office;Material;PLA Premium;Cor;Sob consulta;Prazo;24h a 48h;8.41;;;;;;10;MDH3D-0012;;SIM;NÃO;<p><strong>Organizador de Canetas</strong> produzido pela MDH3D em impressão 3D, com produção local no Rio de Janeiro.</p><p>Produto da categoria <strong>Setup Gamer e Home Office</strong>, feito em PLA Premium com acabamento premium. Indicado para presente, organização, decoração, setup ou uso funcional, conforme o modelo.</p><p><strong>Prazo de produção:</strong> 24h a 48h. <strong>Personalização:</strong> Sim. Confirme cor, escala, acabamento e urgência pelo WhatsApp antes de fechar pedidos personalizados.</p><p>Produto físico sob encomenda. Frete e prazo final são confirmados no checkout ou no atendimento da MDH3D.</p>;MDH3D, impressão 3D, PLA Premium, produção local RJ, canetas,mesa,escritorio,setup;Organizador de Canetas | Impressão 3D MDH3D;Organizador de Canetas em impressão 3D pela MDH3D. Produto físico sob encomenda em Setup Gamer e Home Office, com produção local no RJ e prazo de 24h a 48h.;MDH3D;SIM;MDH3D-0012;;;
acessorio-leve-para-pet-modular-para-identificacao;Acessório Leve para Pet Modular para identificação;Casa e Organização;Material;PLA Premium;Cor;Sob consulta;Prazo;3 a 5 dias;5.66;;;;;;10;MDH3D-0013;;SIM;NÃO;<p><strong>Acessório Leve para Pet Modular para identificação</strong> produzido pela MDH3D em impressão 3D, com produção local no Rio de Janeiro.</p><p>Produto da categoria <strong>Casa e Organização</strong>, feito em PLA Premium com acabamento premium. Indicado para presente, organização, decoração, setup ou uso funcional, conforme o modelo.</p><p><strong>Prazo de produção:</strong> 3 a 5 dias. <strong>Personalização:</strong> Consultar. Confirme cor, escala, acabamento e urgência pelo WhatsApp antes de fechar pedidos personalizados.</p><p>Produto físico sob encomenda. Frete e prazo final são confirmados no checkout ou no atendimento da MDH3D.</p>;MDH3D, impressão 3D, PLA Premium, produção local RJ, pet,identificacao,leve;Acessório Leve para Pet Modular para identificação | Impressão 3D MDH3D;Acessório Leve para Pet Modular para identificação em impressão 3D pela MDH3D. Produto físico sob encomenda em Casa e Organização, com produção local no RJ e prazo de 3 a 5 dias.;MDH3D;SIM;MDH3D-0013;;;
acessorio-leve-para-pet-ajustavel-para-identificacao;Acessório Leve para Pet Ajustável para identificação;Casa e Organização;Material;PLA Premium;Cor;Sob consulta;Prazo;3 a 5 dias;5.66;;;;;;10;MDH3D-0014;;SIM;NÃO;<p><strong>Acessório Leve para Pet Ajustável para identificação</strong> produzido pela MDH3D em impressão 3D, com produção local no Rio de Janeiro.</p><p>Produto da categoria <strong>Casa e Organização</strong>, feito em PLA Premium com acabamento premium. Indicado para presente, organização, decoração, setup ou uso funcional, conforme o modelo.</p><p><strong>Prazo de produção:</strong> 3 a 5 dias. <strong>Personalização:</strong> Consultar. Confirme cor, escala, acabamento e urgência pelo WhatsApp antes de fechar pedidos personalizados.</p><p>Produto físico sob encomenda. Frete e prazo final são confirmados no checkout ou no atendimento da MDH3D.</p>;MDH3D, impressão 3D, PLA Premium, produção local RJ, pet,ajustavel,identificacao;Acessório Leve para Pet Ajustável para identificação | Impressão 3D MDH3D;Acessório Leve para Pet Ajustável para identificação em impressão 3D pela MDH3D. Produto físico sob encomenda em Casa e Organização, com produção local no RJ e prazo de 3 a 5 dias.;MDH3D;SIM;MDH3D-0014;;;
tag-para-pet-dobravel-para-rotina-do-pet;Tag para Pet Dobrável para rotina do pet;Chaveiros e Acessórios;Material;PLA Premium;Cor;Sob consulta;Prazo;3 a 5 dias;5.66;;;;;;10;MDH3D-0015;;SIM;NÃO;<p><strong>Tag para Pet Dobrável para rotina do pet</strong> produzido pela MDH3D em impressão 3D, com produção local no Rio de Janeiro.</p><p>Produto da categoria <strong>Chaveiros e Acessórios</strong>, feito em PLA Premium com acabamento premium. Indicado para presente, organização, decoração, setup ou uso funcional, conforme o modelo.</p><p><strong>Prazo de produção:</strong> 3 a 5 dias. <strong>Personalização:</strong> Consultar. Confirme cor, escala, acabamento e urgência pelo WhatsApp antes de fechar pedidos personalizados.</p><p>Produto físico sob encomenda. Frete e prazo final são confirmados no checkout ou no atendimento da MDH3D.</p>;MDH3D, impressão 3D, PLA Premium, produção local RJ, pet,dobravel,chaveiro;Tag para Pet Dobrável para rotina do pet | Impressão 3D MDH3D;Tag para Pet Dobrável para rotina do pet em impressão 3D pela MDH3D. Produto físico sob encomenda em Chaveiros e Acessórios, com produção local no RJ e prazo de 3 a 5 dias.;MDH3D;SIM;MDH3D-0015;;;
acessorio-leve-para-pet-de-bancada-para-identificacao;Acessório Leve para Pet de Bancada para identificação;Casa e Organização;Material;PLA Premium;Cor;Sob consulta;Prazo;3 a 5 dias;5.66;;;;;;10;MDH3D-0016;;SIM;NÃO;<p><strong>Acessório Leve para Pet de Bancada para identificação</strong> produzido pela MDH3D em impressão 3D, com produção local no Rio de Janeiro.</p><p>Produto da categoria <strong>Casa e Organização</strong>, feito em PLA Premium com acabamento premium. Indicado para presente, organização, decoração, setup ou uso funcional, conforme o modelo.</p><p><strong>Prazo de produção:</strong> 3 a 5 dias. <strong>Personalização:</strong> Consultar. Confirme cor, escala, acabamento e urgência pelo WhatsApp antes de fechar pedidos personalizados.</p><p>Produto físico sob encomenda. Frete e prazo final são confirmados no checkout ou no atendimento da MDH3D.</p>;MDH3D, impressão 3D, PLA Premium, produção local RJ, pet,bancada,identificacao;Acessório Leve para Pet de Bancada para identificação | Impressão 3D MDH3D;Acessório Leve para Pet de Bancada para identificação em impressão 3D pela MDH3D. Produto físico sob encomenda em Casa e Organização, com produção local no RJ e prazo de 3 a 5 dias.;MDH3D;SIM;MDH3D-0016;;;
porta-lapis-modular-para-kit-presente-para-mesa-limpa;Porta-Lápis Modular para Kit Presente para mesa limpa;Setup Gamer e Home Office;Material;PLA Premium;Cor;Sob consulta;Prazo;3 a 5 dias;6.58;;;;;;10;MDH3D-0017;;SIM;NÃO;<p><strong>Porta-Lápis Modular para Kit Presente para mesa limpa</strong> produzido pela MDH3D em impressão 3D, com produção local no Rio de Janeiro.</p><p>Produto da categoria <strong>Setup Gamer e Home Office</strong>, feito em PLA Premium com acabamento premium. Indicado para presente, organização, decoração, setup ou uso funcional, conforme o modelo.</p><p><strong>Prazo de produção:</strong> 3 a 5 dias. <strong>Personalização:</strong> Consultar. Confirme cor, escala, acabamento e urgência pelo WhatsApp antes de fechar pedidos personalizados.</p><p>Produto físico sob encomenda. Frete e prazo final são confirmados no checkout ou no atendimento da MDH3D.</p>;MDH3D, impressão 3D, PLA Premium, produção local RJ, porta-lapis,mesa,kit-presente;Porta-Lápis Modular para Kit Presente para mesa limpa | Impressão 3D MDH3D;Porta-Lápis Modular para Kit Presente para mesa limpa em impressão 3D pela MDH3D. Produto físico sob encomenda em Setup Gamer e Home Office, com produção local no RJ e prazo de 3 a 5 dias.;MDH3D;SIM;MDH3D-0017;;;
pingente-de-mochila-slim-para-brinde-geek;Pingente de Mochila Slim para brinde geek;Chaveiros e Acessórios;Material;PLA Premium;Cor;Sob consulta;Prazo;3 a 5 dias;6.58;;;;;;10;MDH3D-0018;;SIM;NÃO;<p><strong>Pingente de Mochila Slim para brinde geek</strong> produzido pela MDH3D em impressão 3D, com produção local no Rio de Janeiro.</p><p>Produto da categoria <strong>Chaveiros e Acessórios</strong>, feito em PLA Premium com acabamento premium. Indicado para presente, organização, decoração, setup ou uso funcional, conforme o modelo.</p><p><strong>Prazo de produção:</strong> 3 a 5 dias. <strong>Personalização:</strong> Consultar. Confirme cor, escala, acabamento e urgência pelo WhatsApp antes de fechar pedidos personalizados.</p><p>Produto físico sob encomenda. Frete e prazo final são confirmados no checkout ou no atendimento da MDH3D.</p>;MDH3D, impressão 3D, PLA Premium, produção local RJ, pingente,mochila,brinde,geek;Pingente de Mochila Slim para brinde geek | Impressão 3D MDH3D;Pingente de Mochila Slim para brinde geek em impressão 3D pela MDH3D. Produto físico sob encomenda em Chaveiros e Acessórios, com produção local no RJ e prazo de 3 a 5 dias.;MDH3D;SIM;MDH3D-0018;;;
pingente-de-mochila-de-encaixe-para-brinde-geek;Pingente de Mochila de Encaixe para brinde geek;Chaveiros e Acessórios;Material;PLA Premium;Cor;Sob consulta;Prazo;3 a 5 dias;6.58;;;;;;10;MDH3D-0019;;SIM;NÃO;<p><strong>Pingente de Mochila de Encaixe para brinde geek</strong> produzido pela MDH3D em impressão 3D, com produção local no Rio de Janeiro.</p><p>Produto da categoria <strong>Chaveiros e Acessórios</strong>, feito em PLA Premium com acabamento premium. Indicado para presente, organização, decoração, setup ou uso funcional, conforme o modelo.</p><p><strong>Prazo de produção:</strong> 3 a 5 dias. <strong>Personalização:</strong> Consultar. Confirme cor, escala, acabamento e urgência pelo WhatsApp antes de fechar pedidos personalizados.</p><p>Produto físico sob encomenda. Frete e prazo final são confirmados no checkout ou no atendimento da MDH3D.</p>;MDH3D, impressão 3D, PLA Premium, produção local RJ, pingente,mochila,encaixe,geek;Pingente de Mochila de Encaixe para brinde geek | Impressão 3D MDH3D;Pingente de Mochila de Encaixe para brinde geek em impressão 3D pela MDH3D. Produto físico sob encomenda em Chaveiros e Acessórios, com produção local no RJ e prazo de 3 a 5 dias.;MDH3D;SIM;MDH3D-0019;;;
grinder-3-partes-premium;Grinder 3 Partes Premium;Casa e Organização;Material;PLA Premium;Cor;Sob consulta;Prazo;2 a 4 dias;13.00;;;;;;10;MDH3D-0020;;SIM;NÃO;<p><strong>Grinder 3 Partes Premium</strong> produzido pela MDH3D em impressão 3D, com produção local no Rio de Janeiro.</p><p>Produto da categoria <strong>Casa e Organização</strong>, feito em PLA Premium com acabamento fosco. Indicado para presente, organização, decoração, setup ou uso funcional, conforme o modelo.</p><p><strong>Prazo de produção:</strong> 2 a 4 dias. <strong>Personalização:</strong> Sim. Confirme cor, escala, acabamento e urgência pelo WhatsApp antes de fechar pedidos personalizados.</p><p>Produto físico sob encomenda. Frete e prazo final são confirmados no checkout ou no atendimento da MDH3D.</p>;MDH3D, impressão 3D, PLA Premium, produção local RJ, grinder,organizacao,casa;Grinder 3 Partes Premium | Impressão 3D MDH3D;Grinder 3 Partes Premium em impressão 3D pela MDH3D. Produto físico sob encomenda em Casa e Organização, com produção local no RJ e prazo de 2 a 4 dias.;MDH3D;SIM;MDH3D-0020;;;
case-de-isqueiro-caveira;Case de Isqueiro Caveira;Casa e Organização;Material;PLA Premium;Cor;Sob consulta;Prazo;3 a 5 dias;8.41;;;;;;10;MDH3D-0021;;SIM;NÃO;<p><strong>Case de Isqueiro Caveira</strong> produzido pela MDH3D em impressão 3D, com produção local no Rio de Janeiro.</p><p>Produto da categoria <strong>Casa e Organização</strong>, feito em PLA Premium com acabamento premium. Indicado para presente, organização, decoração, setup ou uso funcional, conforme o modelo.</p><p><strong>Prazo de produção:</strong> 3 a 5 dias. <strong>Personalização:</strong> Consultar. Confirme cor, escala, acabamento e urgência pelo WhatsApp antes de fechar pedidos personalizados.</p><p>Produto físico sob encomenda. Frete e prazo final são confirmados no checkout ou no atendimento da MDH3D.</p>;MDH3D, impressão 3D, PLA Premium, produção local RJ, isqueiro,caveira,case;Case de Isqueiro Caveira | Impressão 3D MDH3D;Case de Isqueiro Caveira em impressão 3D pela MDH3D. Produto físico sob encomenda em Casa e Organização, com produção local no RJ e prazo de 3 a 5 dias.;MDH3D;SIM;MDH3D-0021;;;
suporte-para-fone-headphone;Suporte para Fone Headphone;Setup Gamer e Home Office;Material;PLA Premium;Cor;Sob consulta;Prazo;24h a 48h;13.00;;;;;;10;MDH3D-0022;;SIM;NÃO;<p><strong>Suporte para Fone Headphone</strong> produzido pela MDH3D em impressão 3D, com produção local no Rio de Janeiro.</p><p>Produto da categoria <strong>Setup Gamer e Home Office</strong>, feito em PLA Premium com acabamento premium. Indicado para presente, organização, decoração, setup ou uso funcional, conforme o modelo.</p><p><strong>Prazo de produção:</strong> 24h a 48h. <strong>Personalização:</strong> Consultar. Confirme cor, escala, acabamento e urgência pelo WhatsApp antes de fechar pedidos personalizados.</p><p>Produto físico sob encomenda. Frete e prazo final são confirmados no checkout ou no atendimento da MDH3D.</p>;MDH3D, impressão 3D, PLA Premium, produção local RJ, fone,headphone,suporte,setup;Suporte para Fone Headphone | Impressão 3D MDH3D;Suporte para Fone Headphone em impressão 3D pela MDH3D. Produto físico sob encomenda em Setup Gamer e Home Office, com produção local no RJ e prazo de 24h a 48h.;MDH3D;SIM;MDH3D-0022;;;
organizador-de-cabos;Organizador de Cabos;Setup Gamer e Home Office;Material;PLA Premium;Cor;Sob consulta;Prazo;24h a 48h;7.49;;;;;;10;MDH3D-0023;;SIM;NÃO;<p><strong>Organizador de Cabos</strong> produzido pela MDH3D em impressão 3D, com produção local no Rio de Janeiro.</p><p>Produto da categoria <strong>Setup Gamer e Home Office</strong>, feito em PLA Premium com acabamento premium. Indicado para presente, organização, decoração, setup ou uso funcional, conforme o modelo.</p><p><strong>Prazo de produção:</strong> 24h a 48h. <strong>Personalização:</strong> Consultar. Confirme cor, escala, acabamento e urgência pelo WhatsApp antes de fechar pedidos personalizados.</p><p>Produto físico sob encomenda. Frete e prazo final são confirmados no checkout ou no atendimento da MDH3D.</p>;MDH3D, impressão 3D, PLA Premium, produção local RJ, cabos,organizador,setup;Organizador de Cabos | Impressão 3D MDH3D;Organizador de Cabos em impressão 3D pela MDH3D. Produto físico sob encomenda em Setup Gamer e Home Office, com produção local no RJ e prazo de 24h a 48h.;MDH3D;SIM;MDH3D-0023;;;
demogorgon-decorativo-premium;Demogorgon Decorativo Premium;Geek & Colecionáveis;Material;PLA Premium;Cor;Sob consulta;Prazo;4 a 7 dias;18.51;;0.148;23;10;16;10;REAL-0003;;SIM;NÃO;"<p><strong>Demogorgon Decorativo Premium</strong> produzido pela MDH3D em impressão 3D, com produção local no Rio de Janeiro.</p><p>Produto da categoria <strong>Geek &amp; Colecionáveis</strong>, feito em PLA Premium com acabamento pintado à mão. Indicado para presente, organização, decoração, setup ou uso funcional, conforme o modelo.</p><p><strong>Prazo de produção:</strong> 4 a 7 dias. <strong>Personalização:</strong> Sim. Confirme cor, escala, acabamento e urgência pelo WhatsApp antes de fechar pedidos personalizados.</p><p>Produto físico sob encomenda. Frete e prazo final são confirmados no checkout ou no atendimento da MDH3D.</p>";MDH3D, impressão 3D, PLA Premium, produção local RJ, geek,colecionavel,decoracao,pintado-mao;Demogorgon Decorativo Premium | Impressão 3D MDH3D;Demogorgon Decorativo Premium em impressão 3D pela MDH3D. Produto físico sob encomenda em Geek & Colecionáveis, com produção local no RJ e prazo de 4 a 7 dias.;MDH3D;SIM;REAL-0003;;;
mascote-tematica-jedi-colecionavel;mascote temática Jedi Colecionável;Geek & Colecionáveis;Material;PLA Premium;Cor;Sob consulta;Prazo;4 a 7 dias;13.00;;;;;;10;MDH3D-0025;;SIM;NÃO;"<p><strong>mascote temática Jedi Colecionável</strong> produzido pela MDH3D em impressão 3D, com produção local no Rio de Janeiro.</p><p>Produto da categoria <strong>Geek &amp; Colecionáveis</strong>, feito em PLA Premium com acabamento pintado à mão. Indicado para presente, organização, decoração, setup ou uso funcional, conforme o modelo.</p><p><strong>Prazo de produção:</strong> 4 a 7 dias. <strong>Personalização:</strong> Sim. Confirme cor, escala, acabamento e urgência pelo WhatsApp antes de fechar pedidos personalizados.</p><p>Produto físico sob encomenda. Frete e prazo final são confirmados no checkout ou no atendimento da MDH3D.</p>";MDH3D, impressão 3D, PLA Premium, produção local RJ, geek,jedi,colecionavel;mascote temática Jedi Colecionável | Impressão 3D MDH3D;mascote temática Jedi Colecionável em impressão 3D pela MDH3D. Produto físico sob encomenda em Geek & Colecionáveis, com produção local no RJ e prazo de 4 a 7 dias.;MDH3D;SIM;MDH3D-0025;;;
stencil-dupla-sci-fi-decorativo;Stencil dupla sci-fi Decorativo;Geek & Colecionáveis;Material;PLA Premium;Cor;Sob consulta;Prazo;2 a 4 dias;20.35;;;;;;10;MDH3D-0026;;SIM;NÃO;"<p><strong>Stencil dupla sci-fi Decorativo</strong> produzido pela MDH3D em impressão 3D, com produção local no Rio de Janeiro.</p><p>Produto da categoria <strong>Geek &amp; Colecionáveis</strong>, feito em PLA Premium com acabamento fosco. Indicado para presente, organização, decoração, setup ou uso funcional, conforme o modelo.</p><p><strong>Prazo de produção:</strong> 2 a 4 dias. <strong>Personalização:</strong> Consultar. Confirme cor, escala, acabamento e urgência pelo WhatsApp antes de fechar pedidos personalizados.</p><p>Produto físico sob encomenda. Frete e prazo final são confirmados no checkout ou no atendimento da MDH3D.</p>";MDH3D, impressão 3D, PLA Premium, produção local RJ, stencil,sci-fi,decoracao;Stencil dupla sci-fi Decorativo | Impressão 3D MDH3D;Stencil dupla sci-fi Decorativo em impressão 3D pela MDH3D. Produto físico sob encomenda em Geek & Colecionáveis, com produção local no RJ e prazo de 2 a 4 dias.;MDH3D;SIM;MDH3D-0026;;;
personagem-de-humor-mascote-eletrico-mashup-colecionavel;personagem de humor mascote elétrico Mashup Colecionável;Geek & Colecionáveis;Material;PLA Premium;Cor;Sob consulta;Prazo;4 a 7 dias;13.00;;;;;;10;MDH3D-0027;;SIM;NÃO;"<p><strong>personagem de humor mascote elétrico Mashup Colecionável</strong> produzido pela MDH3D em impressão 3D, com produção local no Rio de Janeiro.</p><p>Produto da categoria <strong>Geek &amp; Colecionáveis</strong>, feito em PLA Premium com acabamento pintado à mão. Indicado para presente, organização, decoração, setup ou uso funcional, conforme o modelo.</p><p><strong>Prazo de produção:</strong> 4 a 7 dias. <strong>Personalização:</strong> Sim. Confirme cor, escala, acabamento e urgência pelo WhatsApp antes de fechar pedidos personalizados.</p><p>Produto físico sob encomenda. Frete e prazo final são confirmados no checkout ou no atendimento da MDH3D.</p>";MDH3D, impressão 3D, PLA Premium, produção local RJ, geek,mashup,colecionavel;personagem de humor mascote elétrico Mashup Colecionável | Impressão 3D MDH3D;personagem de humor mascote elétrico Mashup Colecionável em impressão 3D pela MDH3D. Produto físico sob encomenda em Geek & Colecionáveis, com produção local no RJ e prazo de 4 a 7 dias.;MDH3D;SIM;MDH3D-0027;;;
boneca-infantil-personalizada;Boneca Infantil Personalizada;Presentes Personalizados;Material;PLA Premium;Cor;Sob consulta;Prazo;4 a 7 dias;20.35;;;;;;10;MDH3D-0028;;SIM;NÃO;<p><strong>Boneca Infantil Personalizada</strong> produzido pela MDH3D em impressão 3D, com produção local no Rio de Janeiro.</p><p>Produto da categoria <strong>Presentes Personalizados</strong>, feito em PLA Premium com acabamento pintado à mão. Indicado para presente, organização, decoração, setup ou uso funcional, conforme o modelo.</p><p><strong>Prazo de produção:</strong> 4 a 7 dias. <strong>Personalização:</strong> Sim. Confirme cor, escala, acabamento e urgência pelo WhatsApp antes de fechar pedidos personalizados.</p><p>Produto físico sob encomenda. Frete e prazo final são confirmados no checkout ou no atendimento da MDH3D.</p>;MDH3D, impressão 3D, PLA Premium, produção local RJ, boneca,infantil,personalizado;Boneca Infantil Personalizada | Impressão 3D MDH3D;Boneca Infantil Personalizada em impressão 3D pela MDH3D. Produto físico sob encomenda em Presentes Personalizados, com produção local no RJ e prazo de 4 a 7 dias.;MDH3D;SIM;MDH3D-0028;;;
organizador-de-artesanato-ajustavel-para-artesanato;Organizador de Artesanato Ajustável para artesanato;Casa e Organização;Material;PLA Premium;Cor;Sob consulta;Prazo;3 a 5 dias;10.25;;;;;;10;MDH3D-0029;;SIM;NÃO;<p><strong>Organizador de Artesanato Ajustável para artesanato</strong> produzido pela MDH3D em impressão 3D, com produção local no Rio de Janeiro.</p><p>Produto da categoria <strong>Casa e Organização</strong>, feito em PLA Premium com acabamento texturizado. Indicado para presente, organização, decoração, setup ou uso funcional, conforme o modelo.</p><p><strong>Prazo de produção:</strong> 3 a 5 dias. <strong>Personalização:</strong> Consultar. Confirme cor, escala, acabamento e urgência pelo WhatsApp antes de fechar pedidos personalizados.</p><p>Produto físico sob encomenda. Frete e prazo final são confirmados no checkout ou no atendimento da MDH3D.</p>;MDH3D, impressão 3D, PLA Premium, produção local RJ, artesanato,organizador,ajustavel;Organizador de Artesanato Ajustável para artesanato | Impressão 3D MDH3D;Organizador de Artesanato Ajustável para artesanato em impressão 3D pela MDH3D. Produto físico sob encomenda em Casa e Organização, com produção local no RJ e prazo de 3 a 5 dias.;MDH3D;SIM;MDH3D-0029;;;
bandeja-criativa-slim-para-pecas-pequenas;Bandeja Criativa Slim para peças pequenas;Casa e Organização;Material;PLA Premium;Cor;Sob consulta;Prazo;3 a 5 dias;10.25;;;;;;10;MDH3D-0030;;SIM;NÃO;<p><strong>Bandeja Criativa Slim para peças pequenas</strong> produzido pela MDH3D em impressão 3D, com produção local no Rio de Janeiro.</p><p>Produto da categoria <strong>Casa e Organização</strong>, feito em PLA Premium com acabamento texturizado. Indicado para presente, organização, decoração, setup ou uso funcional, conforme o modelo.</p><p><strong>Prazo de produção:</strong> 3 a 5 dias. <strong>Personalização:</strong> Consultar. Confirme cor, escala, acabamento e urgência pelo WhatsApp antes de fechar pedidos personalizados.</p><p>Produto físico sob encomenda. Frete e prazo final são confirmados no checkout ou no atendimento da MDH3D.</p>;MDH3D, impressão 3D, PLA Premium, produção local RJ, bandeja,pecas-pequenas,organizacao;Bandeja Criativa Slim para peças pequenas | Impressão 3D MDH3D;Bandeja Criativa Slim para peças pequenas em impressão 3D pela MDH3D. Produto físico sob encomenda em Casa e Organização, com produção local no RJ e prazo de 3 a 5 dias.;MDH3D;SIM;MDH3D-0030;;;
organizador-infantil-de-mesa-para-estudo-com-frente-baixa;Organizador Infantil de Mesa para estudo com frente baixa;Infantil e Educativo;Material;PLA Premium;Cor;Sob consulta;Prazo;3 a 5 dias;10.25;;;;;;10;MDH3D-0031;;SIM;NÃO;<p><strong>Organizador Infantil de Mesa para estudo com frente baixa</strong> produzido pela MDH3D em impressão 3D, com produção local no Rio de Janeiro.</p><p>Produto da categoria <strong>Infantil e Educativo</strong>, feito em PLA Premium com acabamento texturizado. Indicado para presente, organização, decoração, setup ou uso funcional, conforme o modelo.</p><p><strong>Prazo de produção:</strong> 3 a 5 dias. <strong>Personalização:</strong> Consultar. Confirme cor, escala, acabamento e urgência pelo WhatsApp antes de fechar pedidos personalizados.</p><p>Produto físico sob encomenda. Frete e prazo final são confirmados no checkout ou no atendimento da MDH3D.</p>;MDH3D, impressão 3D, PLA Premium, produção local RJ, infantil,mesa,estudo,organizador;Organizador Infantil de Mesa para estudo com frente baixa | Impressão 3D MDH3D;Organizador Infantil de Mesa para estudo com frente baixa em impressão 3D pela MDH3D. Produto físico sob encomenda em Infantil e Educativo, com produção local no RJ e prazo de 3 a 5 dias.;MDH3D;SIM;MDH3D-0031;;;
porta-retrato-3d-mini-para-presente;Porta-Retrato 3D Mini para presente;Presentes Personalizados;Material;PLA Premium;Cor;Sob consulta;Prazo;3 a 5 dias;10.25;;;;;;10;MDH3D-0032;;SIM;NÃO;<p><strong>Porta-Retrato 3D Mini para presente</strong> produzido pela MDH3D em impressão 3D, com produção local no Rio de Janeiro.</p><p>Produto da categoria <strong>Presentes Personalizados</strong>, feito em PLA Premium com acabamento premium. Indicado para presente, organização, decoração, setup ou uso funcional, conforme o modelo.</p><p><strong>Prazo de produção:</strong> 3 a 5 dias. <strong>Personalização:</strong> Consultar. Confirme cor, escala, acabamento e urgência pelo WhatsApp antes de fechar pedidos personalizados.</p><p>Produto físico sob encomenda. Frete e prazo final são confirmados no checkout ou no atendimento da MDH3D.</p>;MDH3D, impressão 3D, PLA Premium, produção local RJ, porta-retrato,3d,presente;Porta-Retrato 3D Mini para presente | Impressão 3D MDH3D;Porta-Retrato 3D Mini para presente em impressão 3D pela MDH3D. Produto físico sob encomenda em Presentes Personalizados, com produção local no RJ e prazo de 3 a 5 dias.;MDH3D;SIM;MDH3D-0032;;;
nome-3d-personalizado-minimalista-para-quarto-e-porta;Nome 3D Personalizado Minimalista para quarto e porta;Presentes Personalizados;Material;PLA Premium;Cor;Sob consulta;Prazo;3 a 5 dias;11.17;;;;;;10;MDH3D-0033;;SIM;NÃO;<p><strong>Nome 3D Personalizado Minimalista para quarto e porta</strong> produzido pela MDH3D em impressão 3D, com produção local no Rio de Janeiro.</p><p>Produto da categoria <strong>Presentes Personalizados</strong>, feito em PLA Premium com acabamento premium. Indicado para presente, organização, decoração, setup ou uso funcional, conforme o modelo.</p><p><strong>Prazo de produção:</strong> 3 a 5 dias. <strong>Personalização:</strong> Sim. Confirme cor, escala, acabamento e urgência pelo WhatsApp antes de fechar pedidos personalizados.</p><p>Produto físico sob encomenda. Frete e prazo final são confirmados no checkout ou no atendimento da MDH3D.</p>;MDH3D, impressão 3D, PLA Premium, produção local RJ, nome-3d,personalizado,quarto,porta;Nome 3D Personalizado Minimalista para quarto e porta | Impressão 3D MDH3D;Nome 3D Personalizado Minimalista para quarto e porta em impressão 3D pela MDH3D. Produto físico sob encomenda em Presentes Personalizados, com produção local no RJ e prazo de 3 a 5 dias.;MDH3D;SIM;MDH3D-0033;;;
letreiro-de-mesa-leve-para-mesa-e-evento;Letreiro de Mesa Leve para mesa e evento;Presentes Personalizados;Material;PLA Premium;Cor;Sob consulta;Prazo;3 a 5 dias;10.25;;;;;;10;MDH3D-0034;;SIM;NÃO;<p><strong>Letreiro de Mesa Leve para mesa e evento</strong> produzido pela MDH3D em impressão 3D, com produção local no Rio de Janeiro.</p><p>Produto da categoria <strong>Presentes Personalizados</strong>, feito em PLA Premium com acabamento premium. Indicado para presente, organização, decoração, setup ou uso funcional, conforme o modelo.</p><p><strong>Prazo de produção:</strong> 3 a 5 dias. <strong>Personalização:</strong> Sim. Confirme cor, escala, acabamento e urgência pelo WhatsApp antes de fechar pedidos personalizados.</p><p>Produto físico sob encomenda. Frete e prazo final são confirmados no checkout ou no atendimento da MDH3D.</p>;MDH3D, impressão 3D, PLA Premium, produção local RJ, letreiro,mesa,eventos;Letreiro de Mesa Leve para mesa e evento | Impressão 3D MDH3D;Letreiro de Mesa Leve para mesa e evento em impressão 3D pela MDH3D. Produto físico sob encomenda em Presentes Personalizados, com produção local no RJ e prazo de 3 a 5 dias.;MDH3D;SIM;MDH3D-0034;;;
placa-de-nome-dobravel-para-presente-personalizado;Placa de Nome Dobrável para presente personalizado;Presentes Personalizados;Material;PLA Premium;Cor;Sob consulta;Prazo;3 a 5 dias;11.17;;;;;;10;MDH3D-0035;;SIM;NÃO;<p><strong>Placa de Nome Dobrável para presente personalizado</strong> produzido pela MDH3D em impressão 3D, com produção local no Rio de Janeiro.</p><p>Produto da categoria <strong>Presentes Personalizados</strong>, feito em PLA Premium com acabamento premium. Indicado para presente, organização, decoração, setup ou uso funcional, conforme o modelo.</p><p><strong>Prazo de produção:</strong> 3 a 5 dias. <strong>Personalização:</strong> Sim. Confirme cor, escala, acabamento e urgência pelo WhatsApp antes de fechar pedidos personalizados.</p><p>Produto físico sob encomenda. Frete e prazo final são confirmados no checkout ou no atendimento da MDH3D.</p>;MDH3D, impressão 3D, PLA Premium, produção local RJ, placa-nome,presente,personalizado;Placa de Nome Dobrável para presente personalizado | Impressão 3D MDH3D;Placa de Nome Dobrável para presente personalizado em impressão 3D pela MDH3D. Produto físico sob encomenda em Presentes Personalizados, com produção local no RJ e prazo de 3 a 5 dias.;MDH3D;SIM;MDH3D-0035;;;
placa-de-nome-compacto-para-presente-personalizado;Placa de Nome Compacto para presente personalizado;Presentes Personalizados;Material;PLA Premium;Cor;Sob consulta;Prazo;3 a 5 dias;13.00;;;;;;10;MDH3D-0036;;SIM;NÃO;<p><strong>Placa de Nome Compacto para presente personalizado</strong> produzido pela MDH3D em impressão 3D, com produção local no Rio de Janeiro.</p><p>Produto da categoria <strong>Presentes Personalizados</strong>, feito em PLA Premium com acabamento premium. Indicado para presente, organização, decoração, setup ou uso funcional, conforme o modelo.</p><p><strong>Prazo de produção:</strong> 3 a 5 dias. <strong>Personalização:</strong> Sim. Confirme cor, escala, acabamento e urgência pelo WhatsApp antes de fechar pedidos personalizados.</p><p>Produto físico sob encomenda. Frete e prazo final são confirmados no checkout ou no atendimento da MDH3D.</p>;MDH3D, impressão 3D, PLA Premium, produção local RJ, placa-nome,compacto,presente;Placa de Nome Compacto para presente personalizado | Impressão 3D MDH3D;Placa de Nome Compacto para presente personalizado em impressão 3D pela MDH3D. Produto físico sob encomenda em Presentes Personalizados, com produção local no RJ e prazo de 3 a 5 dias.;MDH3D;SIM;MDH3D-0036;;;
organizador-de-artesanato-de-bancada-para-artesanato;Organizador de Artesanato de Bancada para artesanato;Casa e Organização;Material;PLA Premium;Cor;Sob consulta;Prazo;3 a 5 dias;8.41;;0.062;5;9;14;10;MW-A1-487;;SIM;NÃO;<p><strong>Organizador de Artesanato de Bancada para artesanato</strong> produzido pela MDH3D em impressão 3D, com produção local no Rio de Janeiro.</p><p>Produto da categoria <strong>Casa e Organização</strong>, feito em PLA Premium com acabamento texturizado. Indicado para presente, organização, decoração, setup ou uso funcional, conforme o modelo.</p><p><strong>Prazo de produção:</strong> 3 a 5 dias. <strong>Personalização:</strong> Consultar. Confirme cor, escala, acabamento e urgência pelo WhatsApp antes de fechar pedidos personalizados.</p><p>Produto físico sob encomenda. Frete e prazo final são confirmados no checkout ou no atendimento da MDH3D.</p>;MDH3D, impressão 3D, PLA Premium, produção local RJ, artesanato,bancada,organizador;Organizador de Artesanato de Bancada para artesanato | Impressão 3D MDH3D;Organizador de Artesanato de Bancada para artesanato em impressão 3D pela MDH3D. Produto físico sob encomenda em Casa e Organização, com produção local no RJ e prazo de 3 a 5 dias.;MDH3D;SIM;MW-A1-487;;;
bandeja-de-dados-compacto-para-rpg-e-boardgame;Bandeja de Dados Compacto para RPG e boardgame;Casa e Organização;Material;PLA Premium;Cor;Sob consulta;Prazo;3 a 5 dias;7.49;;;;;;10;MDH3D-0038;;SIM;NÃO;<p><strong>Bandeja de Dados Compacto para RPG e boardgame</strong> produzido pela MDH3D em impressão 3D, com produção local no Rio de Janeiro.</p><p>Produto da categoria <strong>Casa e Organização</strong>, feito em PLA Premium com acabamento premium. Indicado para presente, organização, decoração, setup ou uso funcional, conforme o modelo.</p><p><strong>Prazo de produção:</strong> 3 a 5 dias. <strong>Personalização:</strong> Consultar. Confirme cor, escala, acabamento e urgência pelo WhatsApp antes de fechar pedidos personalizados.</p><p>Produto físico sob encomenda. Frete e prazo final são confirmados no checkout ou no atendimento da MDH3D.</p>;MDH3D, impressão 3D, PLA Premium, produção local RJ, rpg,boardgame,bandeja,dados;Bandeja de Dados Compacto para RPG e boardgame | Impressão 3D MDH3D;Bandeja de Dados Compacto para RPG e boardgame em impressão 3D pela MDH3D. Produto físico sob encomenda em Casa e Organização, com produção local no RJ e prazo de 3 a 5 dias.;MDH3D;SIM;MDH3D-0038;;;
organizador-de-pecas-de-jogo-slim-para-hobby-criativo;Organizador de Peças de Jogo Slim para hobby criativo;Casa e Organização;Material;PLA Premium;Cor;Sob consulta;Prazo;3 a 5 dias;7.49;;;;;;10;MDH3D-0039;;SIM;NÃO;<p><strong>Organizador de Peças de Jogo Slim para hobby criativo</strong> produzido pela MDH3D em impressão 3D, com produção local no Rio de Janeiro.</p><p>Produto da categoria <strong>Casa e Organização</strong>, feito em PLA Premium com acabamento premium. Indicado para presente, organização, decoração, setup ou uso funcional, conforme o modelo.</p><p><strong>Prazo de produção:</strong> 3 a 5 dias. <strong>Personalização:</strong> Consultar. Confirme cor, escala, acabamento e urgência pelo WhatsApp antes de fechar pedidos personalizados.</p><p>Produto físico sob encomenda. Frete e prazo final são confirmados no checkout ou no atendimento da MDH3D.</p>;MDH3D, impressão 3D, PLA Premium, produção local RJ, jogos,hobby,organizacao;Organizador de Peças de Jogo Slim para hobby criativo | Impressão 3D MDH3D;Organizador de Peças de Jogo Slim para hobby criativo em impressão 3D pela MDH3D. Produto físico sob encomenda em Casa e Organização, com produção local no RJ e prazo de 3 a 5 dias.;MDH3D;SIM;MDH3D-0039;;;
bandeja-de-dados-dobravel-para-rpg-e-boardgame;Bandeja de Dados Dobrável para RPG e boardgame;Casa e Organização;Material;PLA Premium;Cor;Sob consulta;Prazo;3 a 5 dias;7.49;;;;;;10;MDH3D-0040;;SIM;NÃO;<p><strong>Bandeja de Dados Dobrável para RPG e boardgame</strong> produzido pela MDH3D em impressão 3D, com produção local no Rio de Janeiro.</p><p>Produto da categoria <strong>Casa e Organização</strong>, feito em PLA Premium com acabamento premium. Indicado para presente, organização, decoração, setup ou uso funcional, conforme o modelo.</p><p><strong>Prazo de produção:</strong> 3 a 5 dias. <strong>Personalização:</strong> Consultar. Confirme cor, escala, acabamento e urgência pelo WhatsApp antes de fechar pedidos personalizados.</p><p>Produto físico sob encomenda. Frete e prazo final são confirmados no checkout ou no atendimento da MDH3D.</p>;MDH3D, impressão 3D, PLA Premium, produção local RJ, rpg,boardgame,dobravel;Bandeja de Dados Dobrável para RPG e boardgame | Impressão 3D MDH3D;Bandeja de Dados Dobrável para RPG e boardgame em impressão 3D pela MDH3D. Produto físico sob encomenda em Casa e Organização, com produção local no RJ e prazo de 3 a 5 dias.;MDH3D;SIM;MDH3D-0040;;;
medalha-maconica-personalizada;Medalha Maçônica Personalizada;Presentes Personalizados;Material;PLA Premium;Cor;Sob consulta;Prazo;2 a 5 dias;9.32;;0.042;0.8;6;6;10;REAL-0010;;SIM;NÃO;<p><strong>Medalha Maçônica Personalizada</strong> produzido pela MDH3D em impressão 3D, com produção local no Rio de Janeiro.</p><p>Produto da categoria <strong>Presentes Personalizados</strong>, feito em PLA Premium com acabamento colorido. Indicado para presente, organização, decoração, setup ou uso funcional, conforme o modelo.</p><p><strong>Prazo de produção:</strong> 2 a 5 dias. <strong>Personalização:</strong> Sim. Confirme cor, escala, acabamento e urgência pelo WhatsApp antes de fechar pedidos personalizados.</p><p>Produto físico sob encomenda. Frete e prazo final são confirmados no checkout ou no atendimento da MDH3D.</p>;MDH3D, impressão 3D, PLA Premium, produção local RJ, medalha,personalizado,colorido,presente;Medalha Maçônica Personalizada | Impressão 3D MDH3D;Medalha Maçônica Personalizada em impressão 3D pela MDH3D. Produto físico sob encomenda em Presentes Personalizados, com produção local no RJ e prazo de 2 a 5 dias.;MDH3D;SIM;REAL-0010;;;
suporte-para-controle-modular-para-setup;Suporte para Controle Modular para setup;Setup Gamer e Home Office;Material;PLA Premium;Cor;Sob consulta;Prazo;3 a 5 dias;7.49;;;;;;10;MDH3D-0042;;SIM;NÃO;<p><strong>Suporte para Controle Modular para setup</strong> produzido pela MDH3D em impressão 3D, com produção local no Rio de Janeiro.</p><p>Produto da categoria <strong>Setup Gamer e Home Office</strong>, feito em PLA Premium com acabamento premium. Indicado para presente, organização, decoração, setup ou uso funcional, conforme o modelo.</p><p><strong>Prazo de produção:</strong> 3 a 5 dias. <strong>Personalização:</strong> Consultar. Confirme cor, escala, acabamento e urgência pelo WhatsApp antes de fechar pedidos personalizados.</p><p>Produto físico sob encomenda. Frete e prazo final são confirmados no checkout ou no atendimento da MDH3D.</p>;MDH3D, impressão 3D, PLA Premium, produção local RJ, controle,modular,setup;Suporte para Controle Modular para setup | Impressão 3D MDH3D;Suporte para Controle Modular para setup em impressão 3D pela MDH3D. Produto físico sob encomenda em Setup Gamer e Home Office, com produção local no RJ e prazo de 3 a 5 dias.;MDH3D;SIM;MDH3D-0042;;;
base-gamer-compacta-slim-para-organizar-controles;Base Gamer Compacta Slim para organizar controles;Setup Gamer e Home Office;Material;PLA Premium;Cor;Sob consulta;Prazo;3 a 5 dias;7.49;;;;;;10;MDH3D-0043;;SIM;NÃO;<p><strong>Base Gamer Compacta Slim para organizar controles</strong> produzido pela MDH3D em impressão 3D, com produção local no Rio de Janeiro.</p><p>Produto da categoria <strong>Setup Gamer e Home Office</strong>, feito em PLA Premium com acabamento premium. Indicado para presente, organização, decoração, setup ou uso funcional, conforme o modelo.</p><p><strong>Prazo de produção:</strong> 3 a 5 dias. <strong>Personalização:</strong> Consultar. Confirme cor, escala, acabamento e urgência pelo WhatsApp antes de fechar pedidos personalizados.</p><p>Produto físico sob encomenda. Frete e prazo final são confirmados no checkout ou no atendimento da MDH3D.</p>;MDH3D, impressão 3D, PLA Premium, produção local RJ, gamer,controle,base;Base Gamer Compacta Slim para organizar controles | Impressão 3D MDH3D;Base Gamer Compacta Slim para organizar controles em impressão 3D pela MDH3D. Produto físico sob encomenda em Setup Gamer e Home Office, com produção local no RJ e prazo de 3 a 5 dias.;MDH3D;SIM;MDH3D-0043;;;
suporte-para-controle-minimalista-para-setup;Suporte para Controle Minimalista para setup;Setup Gamer e Home Office;Material;PLA Premium;Cor;Sob consulta;Prazo;3 a 5 dias;7.49;;;;;;10;MDH3D-0044;;SIM;NÃO;<p><strong>Suporte para Controle Minimalista para setup</strong> produzido pela MDH3D em impressão 3D, com produção local no Rio de Janeiro.</p><p>Produto da categoria <strong>Setup Gamer e Home Office</strong>, feito em PLA Premium com acabamento premium. Indicado para presente, organização, decoração, setup ou uso funcional, conforme o modelo.</p><p><strong>Prazo de produção:</strong> 3 a 5 dias. <strong>Personalização:</strong> Consultar. Confirme cor, escala, acabamento e urgência pelo WhatsApp antes de fechar pedidos personalizados.</p><p>Produto físico sob encomenda. Frete e prazo final são confirmados no checkout ou no atendimento da MDH3D.</p>;MDH3D, impressão 3D, PLA Premium, produção local RJ, controle,minimalista,setup;Suporte para Controle Minimalista para setup | Impressão 3D MDH3D;Suporte para Controle Minimalista para setup em impressão 3D pela MDH3D. Produto físico sob encomenda em Setup Gamer e Home Office, com produção local no RJ e prazo de 3 a 5 dias.;MDH3D;SIM;MDH3D-0044;;;
dock-para-controle-modular-para-console-e-mesa;Dock para Controle Modular para console e mesa;Setup Gamer e Home Office;Material;PLA Premium;Cor;Sob consulta;Prazo;3 a 5 dias;8.41;;;;;;10;MDH3D-0045;;SIM;NÃO;<p><strong>Dock para Controle Modular para console e mesa</strong> produzido pela MDH3D em impressão 3D, com produção local no Rio de Janeiro.</p><p>Produto da categoria <strong>Setup Gamer e Home Office</strong>, feito em PLA Premium com acabamento premium. Indicado para presente, organização, decoração, setup ou uso funcional, conforme o modelo.</p><p><strong>Prazo de produção:</strong> 3 a 5 dias. <strong>Personalização:</strong> Consultar. Confirme cor, escala, acabamento e urgência pelo WhatsApp antes de fechar pedidos personalizados.</p><p>Produto físico sob encomenda. Frete e prazo final são confirmados no checkout ou no atendimento da MDH3D.</p>;MDH3D, impressão 3D, PLA Premium, produção local RJ, dock,controle,console;Dock para Controle Modular para console e mesa | Impressão 3D MDH3D;Dock para Controle Modular para console e mesa em impressão 3D pela MDH3D. Produto físico sob encomenda em Setup Gamer e Home Office, com produção local no RJ e prazo de 3 a 5 dias.;MDH3D;SIM;MDH3D-0045;;;
cavaleiro-medieval-mini;Cavaleiro Medieval Mini;Geek & Colecionáveis;Material;PLA Premium;Cor;Sob consulta;Prazo;3 a 5 dias;10.25;;;;;;10;MDH3D-0046;;SIM;NÃO;"<p><strong>Cavaleiro Medieval Mini</strong> produzido pela MDH3D em impressão 3D, com produção local no Rio de Janeiro.</p><p>Produto da categoria <strong>Geek &amp; Colecionáveis</strong>, feito em PLA Premium com acabamento premium. Indicado para presente, organização, decoração, setup ou uso funcional, conforme o modelo.</p><p><strong>Prazo de produção:</strong> 3 a 5 dias. <strong>Personalização:</strong> Consultar. Confirme cor, escala, acabamento e urgência pelo WhatsApp antes de fechar pedidos personalizados.</p><p>Produto físico sob encomenda. Frete e prazo final são confirmados no checkout ou no atendimento da MDH3D.</p>";MDH3D, impressão 3D, PLA Premium, produção local RJ, medieval,miniatura,geek;Cavaleiro Medieval Mini | Impressão 3D MDH3D;Cavaleiro Medieval Mini em impressão 3D pela MDH3D. Produto físico sob encomenda em Geek & Colecionáveis, com produção local no RJ e prazo de 3 a 5 dias.;MDH3D;SIM;MDH3D-0046;;;
robo-transformador-box;Robô Transformador BOX;Geek & Colecionáveis;Material;PLA Premium;Cor;Sob consulta;Prazo;3 a 6 dias;14.84;;;;;;10;MDH3D-0047;;SIM;NÃO;"<p><strong>Robô Transformador BOX</strong> produzido pela MDH3D em impressão 3D, com produção local no Rio de Janeiro.</p><p>Produto da categoria <strong>Geek &amp; Colecionáveis</strong>, feito em PLA Premium com acabamento premium. Indicado para presente, organização, decoração, setup ou uso funcional, conforme o modelo.</p><p><strong>Prazo de produção:</strong> 3 a 6 dias. <strong>Personalização:</strong> Consultar. Confirme cor, escala, acabamento e urgência pelo WhatsApp antes de fechar pedidos personalizados.</p><p>Produto físico sob encomenda. Frete e prazo final são confirmados no checkout ou no atendimento da MDH3D.</p>";MDH3D, impressão 3D, PLA Premium, produção local RJ, robo,transformador,geek;Robô Transformador BOX | Impressão 3D MDH3D;Robô Transformador BOX em impressão 3D pela MDH3D. Produto físico sob encomenda em Geek & Colecionáveis, com produção local no RJ e prazo de 3 a 6 dias.;MDH3D;SIM;MDH3D-0047;;;
miniatura-geek-com-divisorias-para-estante;Miniatura Geek com Divisórias para estante;Geek & Colecionáveis;Material;PLA Premium;Cor;Sob consulta;Prazo;3 a 5 dias;7.49;;;;;;10;MDH3D-0048;;SIM;NÃO;"<p><strong>Miniatura Geek com Divisórias para estante</strong> produzido pela MDH3D em impressão 3D, com produção local no Rio de Janeiro.</p><p>Produto da categoria <strong>Geek &amp; Colecionáveis</strong>, feito em PLA Premium com acabamento premium. Indicado para presente, organização, decoração, setup ou uso funcional, conforme o modelo.</p><p><strong>Prazo de produção:</strong> 3 a 5 dias. <strong>Personalização:</strong> Consultar. Confirme cor, escala, acabamento e urgência pelo WhatsApp antes de fechar pedidos personalizados.</p><p>Produto físico sob encomenda. Frete e prazo final são confirmados no checkout ou no atendimento da MDH3D.</p>";MDH3D, impressão 3D, PLA Premium, produção local RJ, miniatura,geek,estante;Miniatura Geek com Divisórias para estante | Impressão 3D MDH3D;Miniatura Geek com Divisórias para estante em impressão 3D pela MDH3D. Produto físico sob encomenda em Geek & Colecionáveis, com produção local no RJ e prazo de 3 a 5 dias.;MDH3D;SIM;MDH3D-0048;;;
item-educativo-3d-de-bancada-para-estudo-e-presente;Item Educativo 3D de Bancada para estudo e presente;Infantil e Educativo;Material;PLA Premium;Cor;Sob consulta;Prazo;3 a 5 dias;7.49;;0.033;5;7;11;10;MW-A1-497;;SIM;NÃO;<p><strong>Item Educativo 3D de Bancada para estudo e presente</strong> produzido pela MDH3D em impressão 3D, com produção local no Rio de Janeiro.</p><p>Produto da categoria <strong>Infantil e Educativo</strong>, feito em PLA Premium com acabamento premium. Indicado para presente, organização, decoração, setup ou uso funcional, conforme o modelo.</p><p><strong>Prazo de produção:</strong> 3 a 5 dias. <strong>Personalização:</strong> Consultar. Confirme cor, escala, acabamento e urgência pelo WhatsApp antes de fechar pedidos personalizados.</p><p>Produto físico sob encomenda. Frete e prazo final são confirmados no checkout ou no atendimento da MDH3D.</p>;MDH3D, impressão 3D, PLA Premium, produção local RJ, educativo,infantil,bancada,presente;Item Educativo 3D de Bancada para estudo e presente | Impressão 3D MDH3D;Item Educativo 3D de Bancada para estudo e presente em impressão 3D pela MDH3D. Produto físico sob encomenda em Infantil e Educativo, com produção local no RJ e prazo de 3 a 5 dias.;MDH3D;SIM;MW-A1-497;;;
item-educativo-3d-modular-para-estudo-e-presente;Item Educativo 3D Modular para estudo e presente;Infantil e Educativo;Material;PLA Premium;Cor;Sob consulta;Prazo;3 a 5 dias;7.49;;;;;;10;MDH3D-0050;;SIM;NÃO;<p><strong>Item Educativo 3D Modular para estudo e presente</strong> produzido pela MDH3D em impressão 3D, com produção local no Rio de Janeiro.</p><p>Produto da categoria <strong>Infantil e Educativo</strong>, feito em PLA Premium com acabamento premium. Indicado para presente, organização, decoração, setup ou uso funcional, conforme o modelo.</p><p><strong>Prazo de produção:</strong> 3 a 5 dias. <strong>Personalização:</strong> Consultar. Confirme cor, escala, acabamento e urgência pelo WhatsApp antes de fechar pedidos personalizados.</p><p>Produto físico sob encomenda. Frete e prazo final são confirmados no checkout ou no atendimento da MDH3D.</p>;MDH3D, impressão 3D, PLA Premium, produção local RJ, educativo,modular,infantil;Item Educativo 3D Modular para estudo e presente | Impressão 3D MDH3D;Item Educativo 3D Modular para estudo e presente em impressão 3D pela MDH3D. Produto físico sob encomenda em Infantil e Educativo, com produção local no RJ e prazo de 3 a 5 dias.;MDH3D;SIM;MDH3D-0050;;;
quebra-cabeca-ludico-compacto-para-atividade-criativa;Quebra-Cabeça Lúdico Compacto para atividade criativa;Infantil e Educativo;Material;PLA Premium;Cor;Sob consulta;Prazo;3 a 5 dias;7.49;;;;;;10;MDH3D-0051;;SIM;NÃO;<p><strong>Quebra-Cabeça Lúdico Compacto para atividade criativa</strong> produzido pela MDH3D em impressão 3D, com produção local no Rio de Janeiro.</p><p>Produto da categoria <strong>Infantil e Educativo</strong>, feito em PLA Premium com acabamento premium. Indicado para presente, organização, decoração, setup ou uso funcional, conforme o modelo.</p><p><strong>Prazo de produção:</strong> 3 a 5 dias. <strong>Personalização:</strong> Consultar. Confirme cor, escala, acabamento e urgência pelo WhatsApp antes de fechar pedidos personalizados.</p><p>Produto físico sob encomenda. Frete e prazo final são confirmados no checkout ou no atendimento da MDH3D.</p>;MDH3D, impressão 3D, PLA Premium, produção local RJ, quebra-cabeca,ludico,criativo;Quebra-Cabeça Lúdico Compacto para atividade criativa | Impressão 3D MDH3D;Quebra-Cabeça Lúdico Compacto para atividade criativa em impressão 3D pela MDH3D. Produto físico sob encomenda em Infantil e Educativo, com produção local no RJ e prazo de 3 a 5 dias.;MDH3D;SIM;MDH3D-0051;;;
brinquedo-educativo-compacto-slim-para-brincadeira-guiada;Brinquedo Educativo Compacto Slim para brincadeira guiada;Infantil e Educativo;Material;PLA Premium;Cor;Sob consulta;Prazo;3 a 5 dias;7.49;;;;;;10;MDH3D-0052;;SIM;NÃO;<p><strong>Brinquedo Educativo Compacto Slim para brincadeira guiada</strong> produzido pela MDH3D em impressão 3D, com produção local no Rio de Janeiro.</p><p>Produto da categoria <strong>Infantil e Educativo</strong>, feito em PLA Premium com acabamento premium. Indicado para presente, organização, decoração, setup ou uso funcional, conforme o modelo.</p><p><strong>Prazo de produção:</strong> 3 a 5 dias. <strong>Personalização:</strong> Consultar. Confirme cor, escala, acabamento e urgência pelo WhatsApp antes de fechar pedidos personalizados.</p><p>Produto físico sob encomenda. Frete e prazo final são confirmados no checkout ou no atendimento da MDH3D.</p>;MDH3D, impressão 3D, PLA Premium, produção local RJ, brinquedo,educativo,infantil;Brinquedo Educativo Compacto Slim para brincadeira guiada | Impressão 3D MDH3D;Brinquedo Educativo Compacto Slim para brincadeira guiada em impressão 3D pela MDH3D. Produto físico sob encomenda em Infantil e Educativo, com produção local no RJ e prazo de 3 a 5 dias.;MDH3D;SIM;MDH3D-0052;;;
quebra-cabeca-ludico-dobravel-para-atividade-criativa;Quebra-Cabeça Lúdico Dobrável para atividade criativa;Infantil e Educativo;Material;PLA Premium;Cor;Sob consulta;Prazo;3 a 5 dias;7.49;;;;;;10;MDH3D-0053;;SIM;NÃO;<p><strong>Quebra-Cabeça Lúdico Dobrável para atividade criativa</strong> produzido pela MDH3D em impressão 3D, com produção local no Rio de Janeiro.</p><p>Produto da categoria <strong>Infantil e Educativo</strong>, feito em PLA Premium com acabamento premium. Indicado para presente, organização, decoração, setup ou uso funcional, conforme o modelo.</p><p><strong>Prazo de produção:</strong> 3 a 5 dias. <strong>Personalização:</strong> Consultar. Confirme cor, escala, acabamento e urgência pelo WhatsApp antes de fechar pedidos personalizados.</p><p>Produto físico sob encomenda. Frete e prazo final são confirmados no checkout ou no atendimento da MDH3D.</p>;MDH3D, impressão 3D, PLA Premium, produção local RJ, quebra-cabeca,dobravel,infantil;Quebra-Cabeça Lúdico Dobrável para atividade criativa | Impressão 3D MDH3D;Quebra-Cabeça Lúdico Dobrável para atividade criativa em impressão 3D pela MDH3D. Produto físico sob encomenda em Infantil e Educativo, com produção local no RJ e prazo de 3 a 5 dias.;MDH3D;SIM;MDH3D-0053;;;
brinquedo-de-mesa-slim-para-brinde-criativo;Brinquedo de Mesa Slim para brinde criativo;Infantil e Educativo;Material;PLA Premium;Cor;Sob consulta;Prazo;3 a 5 dias;6.58;;;;;;10;MDH3D-0054;;SIM;NÃO;<p><strong>Brinquedo de Mesa Slim para brinde criativo</strong> produzido pela MDH3D em impressão 3D, com produção local no Rio de Janeiro.</p><p>Produto da categoria <strong>Infantil e Educativo</strong>, feito em PLA Premium com acabamento premium. Indicado para presente, organização, decoração, setup ou uso funcional, conforme o modelo.</p><p><strong>Prazo de produção:</strong> 3 a 5 dias. <strong>Personalização:</strong> Consultar. Confirme cor, escala, acabamento e urgência pelo WhatsApp antes de fechar pedidos personalizados.</p><p>Produto físico sob encomenda. Frete e prazo final são confirmados no checkout ou no atendimento da MDH3D.</p>;MDH3D, impressão 3D, PLA Premium, produção local RJ, brinquedo,mesa,brinde;Brinquedo de Mesa Slim para brinde criativo | Impressão 3D MDH3D;Brinquedo de Mesa Slim para brinde criativo em impressão 3D pela MDH3D. Produto físico sob encomenda em Infantil e Educativo, com produção local no RJ e prazo de 3 a 5 dias.;MDH3D;SIM;MDH3D-0054;;;
brinquedo-de-mesa-para-kit-presente-para-brinde-criativo;Brinquedo de Mesa para Kit Presente para brinde criativo;Infantil e Educativo;Material;PLA Premium;Cor;Sob consulta;Prazo;3 a 5 dias;6.58;;;;;;10;MDH3D-0055;;SIM;NÃO;<p><strong>Brinquedo de Mesa para Kit Presente para brinde criativo</strong> produzido pela MDH3D em impressão 3D, com produção local no Rio de Janeiro.</p><p>Produto da categoria <strong>Infantil e Educativo</strong>, feito em PLA Premium com acabamento premium. Indicado para presente, organização, decoração, setup ou uso funcional, conforme o modelo.</p><p><strong>Prazo de produção:</strong> 3 a 5 dias. <strong>Personalização:</strong> Consultar. Confirme cor, escala, acabamento e urgência pelo WhatsApp antes de fechar pedidos personalizados.</p><p>Produto físico sob encomenda. Frete e prazo final são confirmados no checkout ou no atendimento da MDH3D.</p>;MDH3D, impressão 3D, PLA Premium, produção local RJ, brinquedo,kit-presente,brinde;Brinquedo de Mesa para Kit Presente para brinde criativo | Impressão 3D MDH3D;Brinquedo de Mesa para Kit Presente para brinde criativo em impressão 3D pela MDH3D. Produto físico sob encomenda em Infantil e Educativo, com produção local no RJ e prazo de 3 a 5 dias.;MDH3D;SIM;MDH3D-0055;;;
nome-3d-personalizado;Nome 3D Personalizado;Presentes Personalizados;Material;PLA Premium;Cor;Sob consulta;Prazo;3 a 5 dias;20.35;;;;;;10;MDH3D-0056;;SIM;NÃO;<p><strong>Nome 3D Personalizado</strong> produzido pela MDH3D em impressão 3D, com produção local no Rio de Janeiro.</p><p>Produto da categoria <strong>Presentes Personalizados</strong>, feito em PLA Premium com acabamento premium. Indicado para presente, organização, decoração, setup ou uso funcional, conforme o modelo.</p><p><strong>Prazo de produção:</strong> 3 a 5 dias. <strong>Personalização:</strong> Sim. Confirme cor, escala, acabamento e urgência pelo WhatsApp antes de fechar pedidos personalizados.</p><p>Produto físico sob encomenda. Frete e prazo final são confirmados no checkout ou no atendimento da MDH3D.</p>;MDH3D, impressão 3D, PLA Premium, produção local RJ, nome-3d,personalizado,presente;Nome 3D Personalizado | Impressão 3D MDH3D;Nome 3D Personalizado em impressão 3D pela MDH3D. Produto físico sob encomenda em Presentes Personalizados, com produção local no RJ e prazo de 3 a 5 dias.;MDH3D;SIM;MDH3D-0056;;;
nome-3d-personalizado-modular-para-quarto-e-porta;Nome 3D Personalizado Modular para quarto e porta;Presentes Personalizados;Material;PLA Premium;Cor;Sob consulta;Prazo;3 a 5 dias;6.58;;;;;;10;MDH3D-0057;;SIM;NÃO;<p><strong>Nome 3D Personalizado Modular para quarto e porta</strong> produzido pela MDH3D em impressão 3D, com produção local no Rio de Janeiro.</p><p>Produto da categoria <strong>Presentes Personalizados</strong>, feito em PLA Premium com acabamento premium. Indicado para presente, organização, decoração, setup ou uso funcional, conforme o modelo.</p><p><strong>Prazo de produção:</strong> 3 a 5 dias. <strong>Personalização:</strong> Sim. Confirme cor, escala, acabamento e urgência pelo WhatsApp antes de fechar pedidos personalizados.</p><p>Produto físico sob encomenda. Frete e prazo final são confirmados no checkout ou no atendimento da MDH3D.</p>;MDH3D, impressão 3D, PLA Premium, produção local RJ, nome-3d,modular,quarto,porta;Nome 3D Personalizado Modular para quarto e porta | Impressão 3D MDH3D;Nome 3D Personalizado Modular para quarto e porta em impressão 3D pela MDH3D. Produto físico sob encomenda em Presentes Personalizados, com produção local no RJ e prazo de 3 a 5 dias.;MDH3D;SIM;MDH3D-0057;;;
